session,pages,turn,guest_secs,rc
regex-chess_30b,4k,1,0.03,2
regex-chess_30b,4k,2,0.00,0
regex-chess_30b,4k,3,0.02,0
regex-chess_30b,4k,4,0.02,0
regex-chess_30b,4k,5,0.27,0
regex-chess_30b,4k,6,0.08,0
regex-chess_30b,4k,7,0.07,1
regex-chess_30b,4k,8,0.08,0
regex-chess_30b,4k,9,0.04,1
regex-chess_30b,4k,10,1.47,0
regex-chess_30b,4k,11,0.02,0
regex-chess_30b,4k,12,0.09,0
regex-chess_30b,4k,13,0.09,0
regex-chess_30b,4k,14,0.05,0
regex-chess_30b,4k,15,0.02,0
regex-chess_30b,4k,16,0.09,0
regex-chess_30b,4k,17,0.04,0
regex-chess_30b,4k,18,0.04,0
regex-chess_30b,4k,19,0.04,0
regex-chess_30b,4k,20,0.04,0
regex-chess_30b,4k,21,0.04,0
regex-chess_30b,4k,22,0.04,0
regex-chess_30b,4k,23,0.02,0
regex-chess_30b,4k,24,0.00,0
