session,pages,checkpoint,turn,variant,order,wall_ms,user_s,sys_s,out_bytes,zero_chunks,chunks,prefault_ms,dsa_submitted,dsa_fallback,rc
write-compressor_30b,4k,base,0,base,0,1153,1.22,0.25,202128497,3652,4096,,,,0
write-compressor_30b,4k,base,0,cpu,1,93,0.02,0.11,202128497,3652,4096,12.8,0,0,0
write-compressor_30b,4k,base,0,dsa,2,92,0.02,0.10,202128497,3652,4096,13.1,523,0,0
write-compressor_30b,4k,base,0,cpucrc,3,139,0.09,0.10,202128497,3652,4096,14.2,0,0,0
write-compressor_30b,4k,base,0,dsacrc,4,87,0.02,0.10,202128497,3652,4096,12.1,1046,0,0
write-compressor_30b,4k,step1,1,cpu,0,89,0.03,0.10,202564569,3651,4096,12.5,0,0,0
write-compressor_30b,4k,step1,1,dsa,1,92,0.01,0.10,202564569,3651,4096,12.0,524,0,0
write-compressor_30b,4k,step1,1,cpucrc,2,137,0.09,0.11,202564569,3651,4096,16.1,0,0,0
write-compressor_30b,4k,step1,1,dsacrc,3,90,0.02,0.10,202564569,3651,4096,12.2,1048,0,0
write-compressor_30b,4k,step1,1,base,4,1144,1.22,0.25,202564569,3651,4096,,,,0
write-compressor_30b,4k,step2,2,dsa,0,91,0.02,0.10,202593418,3651,4096,12.0,524,0,0
write-compressor_30b,4k,step2,2,cpucrc,1,131,0.10,0.09,202593418,3651,4096,12.0,0,0,0
write-compressor_30b,4k,step2,2,dsacrc,2,89,0.02,0.10,202593418,3651,4096,12.1,1048,0,0
write-compressor_30b,4k,step2,2,base,3,1143,1.22,0.26,202593418,3651,4096,,,,0
write-compressor_30b,4k,step2,2,cpu,4,93,0.02,0.10,202593418,3651,4096,12.0,0,0,0
write-compressor_30b,4k,step3,3,cpucrc,0,131,0.09,0.10,202469983,3650,4096,12.3,0,0,0
write-compressor_30b,4k,step3,3,dsacrc,1,91,0.02,0.11,202469983,3650,4096,12.6,1050,0,0
write-compressor_30b,4k,step3,3,base,2,1145,1.21,0.25,202469983,3650,4096,,,,0
write-compressor_30b,4k,step3,3,cpu,3,91,0.03,0.10,202469983,3650,4096,14.0,0,0,0
write-compressor_30b,4k,step3,3,dsa,4,90,0.02,0.10,202469983,3650,4096,12.0,525,0,0
write-compressor_30b,4k,step4,4,dsacrc,0,95,0.02,0.10,202428872,3650,4096,15.4,1050,0,0
write-compressor_30b,4k,step4,4,base,1,1143,1.22,0.25,202428872,3650,4096,,,,0
write-compressor_30b,4k,step4,4,cpu,2,91,0.03,0.10,202428872,3650,4096,13.6,0,0,0
write-compressor_30b,4k,step4,4,dsa,3,91,0.02,0.10,202428872,3650,4096,13.9,525,0,0
write-compressor_30b,4k,step4,4,cpucrc,4,134,0.09,0.10,202428872,3650,4096,12.0,0,0,0
write-compressor_30b,4k,step5,5,base,0,1148,1.22,0.25,202309417,3650,4096,,,,0
write-compressor_30b,4k,step5,5,cpu,1,92,0.03,0.10,202309417,3650,4096,13.9,0,0,0
write-compressor_30b,4k,step5,5,dsa,2,91,0.02,0.10,202309417,3650,4096,12.1,525,0,0
write-compressor_30b,4k,step5,5,cpucrc,3,133,0.09,0.10,202309417,3650,4096,13.3,0,0,0
write-compressor_30b,4k,step5,5,dsacrc,4,93,0.02,0.10,202309417,3650,4096,14.6,1050,0,0
write-compressor_30b,4k,step6,6,cpu,0,89,0.02,0.10,202301182,3650,4096,12.0,0,0,0
write-compressor_30b,4k,step6,6,dsa,1,95,0.02,0.11,202301182,3650,4096,13.3,525,0,0
write-compressor_30b,4k,step6,6,cpucrc,2,133,0.09,0.10,202301182,3650,4096,12.4,0,0,0
write-compressor_30b,4k,step6,6,dsacrc,3,90,0.02,0.10,202301182,3650,4096,12.3,1050,0,0
write-compressor_30b,4k,step6,6,base,4,1144,1.21,0.26,202301182,3650,4096,,,,0
write-compressor_30b,4k,step7,7,dsa,0,90,0.02,0.10,202409948,3649,4096,12.6,526,0,0
write-compressor_30b,4k,step7,7,cpucrc,1,138,0.10,0.10,202409948,3649,4096,12.8,0,0,0
write-compressor_30b,4k,step7,7,dsacrc,2,88,0.03,0.10,202409948,3649,4096,12.9,1052,0,0
write-compressor_30b,4k,step7,7,base,3,1146,1.23,0.24,202409948,3649,4096,,,,0
write-compressor_30b,4k,step7,7,cpu,4,90,0.03,0.10,202409948,3649,4096,12.4,0,0,0
write-compressor_30b,4k,step8,8,cpucrc,0,132,0.09,0.10,202444208,3649,4096,12.2,0,0,0
write-compressor_30b,4k,step8,8,dsacrc,1,93,0.03,0.10,202444208,3649,4096,13.7,1052,0,0
write-compressor_30b,4k,step8,8,base,2,1141,1.22,0.25,202444208,3649,4096,,,,0
write-compressor_30b,4k,step8,8,cpu,3,94,0.02,0.11,202444208,3649,4096,15.4,0,0,0
write-compressor_30b,4k,step8,8,dsa,4,94,0.02,0.11,202444208,3649,4096,13.7,526,0,0
write-compressor_30b,4k,step9,9,dsacrc,0,87,0.02,0.10,202437785,3649,4096,12.5,1052,0,0
write-compressor_30b,4k,step9,9,base,1,1144,1.21,0.27,202437785,3649,4096,,,,0
write-compressor_30b,4k,step9,9,cpu,2,89,0.02,0.10,202437785,3649,4096,12.2,0,0,0
write-compressor_30b,4k,step9,9,dsa,3,93,0.02,0.11,202437785,3649,4096,13.6,526,0,0
write-compressor_30b,4k,step9,9,cpucrc,4,133,0.09,0.10,202437785,3649,4096,12.7,0,0,0
write-compressor_30b,4k,step10,10,base,0,1140,1.21,0.26,202434627,3649,4096,,,,0
write-compressor_30b,4k,step10,10,cpu,1,91,0.03,0.10,202434627,3649,4096,12.2,0,0,0
write-compressor_30b,4k,step10,10,dsa,2,89,0.02,0.10,202434627,3649,4096,12.0,526,0,0
write-compressor_30b,4k,step10,10,cpucrc,3,132,0.10,0.10,202434627,3649,4096,12.1,0,0,0
write-compressor_30b,4k,step10,10,dsacrc,4,91,0.02,0.10,202434627,3649,4096,12.1,1052,0,0
write-compressor_30b,4k,step11,11,cpu,0,90,0.03,0.10,202436418,3649,4096,14.1,0,0,0
write-compressor_30b,4k,step11,11,dsa,1,90,0.01,0.11,202436418,3649,4096,12.0,526,0,0
write-compressor_30b,4k,step11,11,cpucrc,2,134,0.09,0.10,202436418,3649,4096,12.2,0,0,0
write-compressor_30b,4k,step11,11,dsacrc,3,89,0.02,0.09,202436418,3649,4096,12.0,1052,0,0
write-compressor_30b,4k,step11,11,base,4,1143,1.23,0.24,202436418,3649,4096,,,,0
write-compressor_30b,4k,step12,12,dsa,0,92,0.02,0.10,202464044,3649,4096,13.6,526,0,0
write-compressor_30b,4k,step12,12,cpucrc,1,133,0.09,0.10,202464044,3649,4096,14.3,0,0,0
write-compressor_30b,4k,step12,12,dsacrc,2,93,0.02,0.10,202464044,3649,4096,13.6,1052,0,0
write-compressor_30b,4k,step12,12,base,3,1142,1.23,0.24,202464044,3649,4096,,,,0
write-compressor_30b,4k,step12,12,cpu,4,94,0.03,0.11,202464044,3649,4096,13.8,0,0,0
write-compressor_30b,4k,step13,13,cpucrc,0,136,0.09,0.11,202469637,3649,4096,13.8,0,0,0
write-compressor_30b,4k,step13,13,dsacrc,1,89,0.02,0.10,202469637,3649,4096,12.0,1052,0,0
write-compressor_30b,4k,step13,13,base,2,1144,1.21,0.26,202469637,3649,4096,,,,0
write-compressor_30b,4k,step13,13,cpu,3,92,0.02,0.11,202469637,3649,4096,14.0,0,0,0
write-compressor_30b,4k,step13,13,dsa,4,90,0.02,0.10,202469637,3649,4096,11.9,526,0,0
