session,pages,checkpoint,turn,variant,order,wall_ms,user_s,sys_s,out_bytes,dirty_pages,changed_pages,prepare_ms,compare_ms,gather_ms,compress_ms,dsa_ops,dsa_redo,rc
circuit-fibsqrt_30b,2m,base,0,full-dsa,0,375,0.03,0.44,200355510,,,,,,,,,0
circuit-fibsqrt_30b,2m,base,0,diff-none,1,316,0.32,0.24,200355510,,,,,,,,,0
circuit-fibsqrt_30b,2m,base,0,diff-cpu,2,300,0.32,0.23,200355510,,,,,,,,,0
circuit-fibsqrt_30b,2m,base,0,diff-dsa,3,254,0.05,0.28,200355510,,,,,,,,,0
circuit-fibsqrt_30b,2m,base,0,diff-dsa1,4,244,0.05,0.27,200355510,,,,,,,,,0
circuit-fibsqrt_30b,2m,step1,1,diff-none,0,43,0.00,0.03,1727391,1894,1894,9.9,0,2.5,13.6,0,0,0
circuit-fibsqrt_30b,2m,step1,1,diff-cpu,1,41,0.00,0.03,1577477,1894,1600,8.9,0.7,3,12,0,0,0
circuit-fibsqrt_30b,2m,step1,1,diff-dsa,2,35,0.00,0.02,1577477,1894,1600,9.1,0.5,1.4,10.1,3494,0,0
circuit-fibsqrt_30b,2m,step1,1,diff-dsa1,3,39,0.00,0.02,1577477,1894,1600,8.6,1.8,2.1,9.6,3494,0,0
circuit-fibsqrt_30b,2m,step1,1,full-dsa,4,95,0.03,0.11,200896666,,,,,,,,,0
circuit-fibsqrt_30b,2m,step2,2,diff-cpu,0,34,0.00,0.02,633038,1334,934,7.1,0.5,2.2,10.6,0,0,0
circuit-fibsqrt_30b,2m,step2,2,diff-dsa,1,31,0.00,0.02,633038,1334,934,6.2,0.5,1,9.2,2268,0,0
circuit-fibsqrt_30b,2m,step2,2,diff-dsa1,2,34,0.00,0.02,633038,1334,934,5.6,1.4,1.5,9,2268,0,0
circuit-fibsqrt_30b,2m,step2,2,full-dsa,3,99,0.03,0.10,200878888,,,,,,,,,0
circuit-fibsqrt_30b,2m,step2,2,diff-none,4,36,0.00,0.03,830513,1334,1334,9.2,0,1.9,10.3,0,0,0
circuit-fibsqrt_30b,2m,step3,3,diff-dsa,0,34,0.00,0.02,604913,1366,898,6.3,0.5,0.9,9.1,2264,0,0
circuit-fibsqrt_30b,2m,step3,3,diff-dsa1,1,34,0.00,0.02,604913,1366,898,5.8,1.5,1.4,8.8,2264,0,0
circuit-fibsqrt_30b,2m,step3,3,full-dsa,2,91,0.04,0.10,200868145,,,,,,,,,0
circuit-fibsqrt_30b,2m,step3,3,diff-none,3,37,0.00,0.02,821274,1366,1366,7.8,0,1.8,11.1,0,0,0
circuit-fibsqrt_30b,2m,step3,3,diff-cpu,4,38,0.00,0.02,604913,1366,898,9.1,0.5,1.8,9.7,0,0,0
circuit-fibsqrt_30b,2m,step4,4,diff-dsa1,0,35,0.00,0.02,649347,1355,915,6.6,1.5,1.6,9.4,2270,0,0
circuit-fibsqrt_30b,2m,step4,4,full-dsa,1,89,0.03,0.09,200897048,,,,,,,,,0
circuit-fibsqrt_30b,2m,step4,4,diff-none,2,35,0.00,0.03,857387,1355,1355,8.2,0,1.6,10.2,0,0,0
circuit-fibsqrt_30b,2m,step4,4,diff-cpu,3,36,0.01,0.02,649347,1355,915,6.7,0.5,1.9,9.7,0,0,0
circuit-fibsqrt_30b,2m,step4,4,diff-dsa,4,32,0.00,0.02,649347,1355,915,6.8,0.5,0.9,9.2,2270,0,0
circuit-fibsqrt_30b,2m,step5,5,full-dsa,0,96,0.04,0.10,200889194,,,,,,,,,0
circuit-fibsqrt_30b,2m,step5,5,diff-none,1,38,0.00,0.02,822057,1327,1327,7.8,0,1.5,10.5,0,0,0
circuit-fibsqrt_30b,2m,step5,5,diff-cpu,2,34,0.01,0.02,606517,1327,891,5.7,0.5,1.6,9.7,0,0,0
circuit-fibsqrt_30b,2m,step5,5,diff-dsa,3,33,0.00,0.02,606517,1327,891,7.5,0.5,0.8,8.9,2218,0,0
circuit-fibsqrt_30b,2m,step5,5,diff-dsa1,4,34,0.00,0.02,606517,1327,891,4,1.4,1.8,8.8,2218,0,0
circuit-fibsqrt_30b,2m,step6,6,diff-none,0,54,0.01,0.03,19572809,11850,11850,8.7,0,13,16.4,0,0,0
circuit-fibsqrt_30b,2m,step6,6,diff-cpu,1,76,0.01,0.05,19338538,11850,11234,8.4,1.4,31.1,17.6,0,0,0
circuit-fibsqrt_30b,2m,step6,6,diff-dsa,2,63,0.01,0.05,19338538,11850,11234,8.7,2.1,19.5,16.8,23084,0,0
circuit-fibsqrt_30b,2m,step6,6,diff-dsa1,3,77,0.01,0.06,19338538,11850,11234,6.3,9.3,25.7,16.9,23084,0,0
circuit-fibsqrt_30b,2m,step6,6,full-dsa,4,95,0.05,0.10,218672157,,,,,,,,,0
circuit-fibsqrt_30b,2m,step7,7,diff-cpu,0,38,0.00,0.03,641756,1432,992,7.8,0.5,2.3,10.4,0,0,0
circuit-fibsqrt_30b,2m,step7,7,diff-dsa,1,37,0.00,0.02,641756,1432,992,8.7,0.5,1,9.5,2424,0,0
circuit-fibsqrt_30b,2m,step7,7,diff-dsa1,2,39,0.00,0.03,641756,1432,992,8.7,1.5,1.9,9.2,2424,0,0
circuit-fibsqrt_30b,2m,step7,7,full-dsa,3,97,0.05,0.09,218622050,,,,,,,,,0
circuit-fibsqrt_30b,2m,step7,7,diff-none,4,38,0.00,0.03,865454,1432,1432,9.1,0,1.9,10.4,0,0,0
circuit-fibsqrt_30b,2m,step8,8,diff-dsa,0,34,0.01,0.02,490850,1081,735,6.9,0.4,0.8,8.6,1816,0,0
circuit-fibsqrt_30b,2m,step8,8,diff-dsa1,1,31,0.00,0.02,490850,1081,735,5.4,1.2,1.2,8.5,1816,0,0
circuit-fibsqrt_30b,2m,step8,8,full-dsa,2,98,0.04,0.10,218595624,,,,,,,,,0
circuit-fibsqrt_30b,2m,step8,8,diff-none,3,36,0.00,0.03,669571,1081,1081,8.5,0,1.4,10.6,0,0,0
circuit-fibsqrt_30b,2m,step8,8,diff-cpu,4,38,0.00,0.02,490850,1081,735,7.7,0.5,1.7,10.7,0,0,0
circuit-fibsqrt_30b,2m,step9,9,diff-dsa1,0,45,0.00,0.03,4150850,3827,3428,8.7,3.4,5.6,11,7255,0,0
circuit-fibsqrt_30b,2m,step9,9,full-dsa,1,97,0.04,0.09,221240619,,,,,,,,,0
circuit-fibsqrt_30b,2m,step9,9,diff-none,2,39,0.00,0.02,4352182,3827,3827,9.1,0,4.6,11.3,0,0,0
circuit-fibsqrt_30b,2m,step9,9,diff-cpu,3,47,0.01,0.03,4150850,3827,3428,9.1,0.8,7.5,12,0,0,0
circuit-fibsqrt_30b,2m,step9,9,diff-dsa,4,38,0.00,0.03,4150850,3827,3428,8.7,0.8,2.9,11.2,7255,0,0
circuit-fibsqrt_30b,2m,step10,10,full-dsa,0,101,0.03,0.10,221180952,,,,,,,,,0
circuit-fibsqrt_30b,2m,step10,10,diff-none,1,38,0.00,0.02,918087,1469,1469,8.2,0,1.9,10.9,0,0,0
circuit-fibsqrt_30b,2m,step10,10,diff-cpu,2,36,0.00,0.02,697165,1469,1054,7.8,0.6,2,9.9,0,0,0
circuit-fibsqrt_30b,2m,step10,10,diff-dsa,3,33,0.00,0.02,697165,1469,1054,6.6,0.5,0.9,9.2,2523,0,0
circuit-fibsqrt_30b,2m,step10,10,diff-dsa1,4,37,0.00,0.02,697165,1469,1054,7.1,1.6,1.8,9.2,2523,0,0
circuit-fibsqrt_30b,2m,step11,11,diff-none,0,38,0.00,0.03,899678,1486,1486,8,0,2.3,11.4,0,0,0
circuit-fibsqrt_30b,2m,step11,11,diff-cpu,1,38,0.00,0.02,659914,1486,1010,7.7,0.5,2.1,10,0,0,0
circuit-fibsqrt_30b,2m,step11,11,diff-dsa,2,33,0.00,0.02,659914,1486,1010,7.3,0.5,0.8,9.2,2496,0,0
circuit-fibsqrt_30b,2m,step11,11,diff-dsa1,3,38,0.00,0.02,659914,1486,1010,10.3,1.7,1.6,9.2,2496,0,0
circuit-fibsqrt_30b,2m,step11,11,full-dsa,4,98,0.04,0.11,221145379,,,,,,,,,0
circuit-fibsqrt_30b,2m,step12,12,diff-cpu,0,38,0.00,0.03,1725874,2204,1782,8,0.6,3.3,11,0,0,0
circuit-fibsqrt_30b,2m,step12,12,diff-dsa,1,34,0.00,0.03,1725874,2204,1782,7.9,0.6,1.4,9.6,3986,0,0
circuit-fibsqrt_30b,2m,step12,12,diff-dsa1,2,36,0.00,0.02,1725874,2204,1782,8.3,2.1,2.3,9.8,3986,0,0
circuit-fibsqrt_30b,2m,step12,12,full-dsa,3,103,0.04,0.10,221338713,,,,,,,,,0
circuit-fibsqrt_30b,2m,step12,12,diff-none,4,41,0.00,0.03,1952883,2204,2204,10.8,0,2.8,10.8,0,0,0
circuit-fibsqrt_30b,2m,step13,13,diff-dsa,0,39,0.00,0.03,3851652,4024,3551,7.5,1,3.9,11.4,7575,0,0
circuit-fibsqrt_30b,2m,step13,13,diff-dsa1,1,45,0.00,0.03,3851652,4024,3551,7.2,3.4,6.6,11.2,7575,0,0
circuit-fibsqrt_30b,2m,step13,13,full-dsa,2,97,0.05,0.09,223480140,,,,,,,,,0
circuit-fibsqrt_30b,2m,step13,13,diff-none,3,40,0.00,0.03,4094467,4024,4024,8,0,4.7,12,0,0,0
circuit-fibsqrt_30b,2m,step13,13,diff-cpu,4,46,0.01,0.03,3851652,4024,3551,9.1,0.8,6.9,12.3,0,0,0
circuit-fibsqrt_30b,2m,step14,14,diff-dsa1,0,37,0.00,0.02,1488527,2191,1684,6.5,2,2.3,9.8,3875,0,0
circuit-fibsqrt_30b,2m,step14,14,full-dsa,1,98,0.04,0.10,223445219,,,,,,,,,0
circuit-fibsqrt_30b,2m,step14,14,diff-none,2,39,0.00,0.02,1756612,2191,2191,8.5,0,2.7,10.9,0,0,0
circuit-fibsqrt_30b,2m,step14,14,diff-cpu,3,40,0.00,0.03,1488527,2191,1684,8.5,0.6,2.8,10.5,0,0,0
circuit-fibsqrt_30b,2m,step14,14,diff-dsa,4,35,0.00,0.02,1488527,2191,1684,7.9,0.6,1.4,9.5,3875,0,0
circuit-fibsqrt_30b,2m,step15,15,full-dsa,0,107,0.03,0.11,223739357,,,,,,,,,0
circuit-fibsqrt_30b,2m,step15,15,diff-none,1,38,0.00,0.03,1767555,2164,2164,8.8,0,2.2,10.9,0,0,0
circuit-fibsqrt_30b,2m,step15,15,diff-cpu,2,40,0.00,0.03,1505866,2164,1689,7.5,0.6,2.9,11.4,0,0,0
circuit-fibsqrt_30b,2m,step15,15,diff-dsa,3,34,0.00,0.02,1505866,2164,1689,7.5,0.5,1.3,9.5,3853,0,0
circuit-fibsqrt_30b,2m,step15,15,diff-dsa1,4,40,0.00,0.03,1505866,2164,1689,8.9,2.1,2.2,9.4,3853,0,0
circuit-fibsqrt_30b,2m,step16,16,diff-none,0,36,0.00,0.02,1761554,2129,2129,7.3,0,2.8,10.7,0,0,0
circuit-fibsqrt_30b,2m,step16,16,diff-cpu,1,37,0.00,0.02,1494963,2129,1650,6.1,0.6,3.3,10.1,0,0,0
circuit-fibsqrt_30b,2m,step16,16,diff-dsa,2,35,0.00,0.03,1494963,2129,1650,8,0.5,1.1,10.7,3779,0,0
circuit-fibsqrt_30b,2m,step16,16,diff-dsa1,3,35,0.00,0.02,1494963,2129,1650,7.1,2,2.1,9.2,3779,0,0
circuit-fibsqrt_30b,2m,step16,16,full-dsa,4,102,0.05,0.09,223756010,,,,,,,,,0
circuit-fibsqrt_30b,2m,step17,17,diff-cpu,0,34,0.00,0.02,510797,1113,757,7.6,0.4,1.6,9.6,0,0,0
circuit-fibsqrt_30b,2m,step17,17,diff-dsa,1,33,0.00,0.02,510797,1113,757,6.9,0.4,0.8,8.8,1870,0,0
circuit-fibsqrt_30b,2m,step17,17,diff-dsa1,2,32,0.00,0.02,510797,1113,757,6.9,1.2,1.4,8.9,1870,0,0
circuit-fibsqrt_30b,2m,step17,17,full-dsa,3,104,0.04,0.10,223747095,,,,,,,,,0
circuit-fibsqrt_30b,2m,step17,17,diff-none,4,37,0.00,0.03,698495,1113,1113,8.1,0,2,11.2,0,0,0
circuit-fibsqrt_30b,2m,step18,18,diff-dsa,0,32,0.00,0.02,472976,1049,686,6.8,0.4,0.7,8.6,1735,0,0
circuit-fibsqrt_30b,2m,step18,18,diff-dsa1,1,31,0.00,0.02,472976,1049,686,6.5,1.2,1.4,8.8,1735,0,0
circuit-fibsqrt_30b,2m,step18,18,full-dsa,2,100,0.05,0.10,223753740,,,,,,,,,0
circuit-fibsqrt_30b,2m,step18,18,diff-none,3,34,0.00,0.02,669952,1049,1049,8.4,0,1.1,10.4,0,0,0
circuit-fibsqrt_30b,2m,step18,18,diff-cpu,4,38,0.00,0.02,472976,1049,686,9.6,0.4,1.4,9.5,0,0,0
circuit-fibsqrt_30b,2m,step19,19,diff-dsa1,0,35,0.00,0.02,702407,1571,1076,5.7,1.7,1.5,9.5,2647,0,0
circuit-fibsqrt_30b,2m,step19,19,full-dsa,1,107,0.03,0.11,223671845,,,,,,,,,0
circuit-fibsqrt_30b,2m,step19,19,diff-none,2,36,0.00,0.02,953472,1571,1571,7.8,0,2.2,10.2,0,0,0
circuit-fibsqrt_30b,2m,step19,19,diff-cpu,3,37,0.00,0.03,702407,1571,1076,7.6,0.6,2.1,10.5,0,0,0
circuit-fibsqrt_30b,2m,step19,19,diff-dsa,4,31,0.00,0.02,702407,1571,1076,6.3,0.5,0.8,9.3,2647,0,0
circuit-fibsqrt_30b,2m,step20,20,full-dsa,0,99,0.03,0.11,223651890,,,,,,,,,0
circuit-fibsqrt_30b,2m,step20,20,diff-none,1,38,0.00,0.02,951112,1550,1550,8.9,0,2,10.2,0,0,0
circuit-fibsqrt_30b,2m,step20,20,diff-cpu,2,37,0.00,0.02,696335,1550,1023,7.4,0.6,2,9.8,0,0,0
circuit-fibsqrt_30b,2m,step20,20,diff-dsa,3,35,0.00,0.03,696335,1550,1023,9.5,0.4,0.8,9,2573,0,0
circuit-fibsqrt_30b,2m,step20,20,diff-dsa1,4,35,0.00,0.02,696335,1550,1023,7.1,1.7,1.7,9.3,2573,0,0
circuit-fibsqrt_30b,2m,step21,21,diff-none,0,36,0.00,0.02,1842589,2319,2319,6.9,0,2.6,10.8,0,0,0
circuit-fibsqrt_30b,2m,step21,21,diff-cpu,1,36,0.00,0.02,1571122,2319,1784,6.7,0.7,2.8,10.4,0,0,0
circuit-fibsqrt_30b,2m,step21,21,diff-dsa,2,36,0.00,0.02,1571122,2319,1784,6.1,0.5,1.3,9.7,4103,0,0
circuit-fibsqrt_30b,2m,step21,21,diff-dsa1,3,38,0.00,0.03,1571122,2319,1784,7,2.2,2.3,9.2,4103,0,0
circuit-fibsqrt_30b,2m,step21,21,full-dsa,4,103,0.03,0.11,223603716,,,,,,,,,0
circuit-fibsqrt_30b,2m,step22,22,diff-cpu,0,40,0.00,0.03,510506,1102,739,10,0.4,1.7,10.6,0,0,0
circuit-fibsqrt_30b,2m,step22,22,diff-dsa,1,32,0.00,0.02,510506,1102,739,9.2,0.3,0.8,9,1841,0,0
circuit-fibsqrt_30b,2m,step22,22,diff-dsa1,2,33,0.00,0.02,510506,1102,739,6.2,1.2,1.5,8.6,1841,0,0
circuit-fibsqrt_30b,2m,step22,22,full-dsa,3,107,0.04,0.10,223600383,,,,,,,,,0
circuit-fibsqrt_30b,2m,step22,22,diff-none,4,35,0.00,0.02,697525,1102,1102,8.6,0,1.4,11,0,0,0
circuit-fibsqrt_30b,2m,step23,23,diff-dsa,0,34,0.00,0.02,509342,1107,739,6.5,0.5,0.9,8.8,1846,0,0
circuit-fibsqrt_30b,2m,step23,23,diff-dsa1,1,37,0.00,0.03,509342,1107,739,10,1.2,1.8,8.9,1846,0,0
circuit-fibsqrt_30b,2m,step23,23,full-dsa,2,103,0.05,0.11,223595900,,,,,,,,,0
circuit-fibsqrt_30b,2m,step23,23,diff-none,3,41,0.00,0.03,696331,1107,1107,11.8,0,1.6,10.7,0,0,0
circuit-fibsqrt_30b,2m,step23,23,diff-cpu,4,38,0.00,0.02,509342,1107,739,8.1,0.5,1.6,10.2,0,0,0
circuit-fibsqrt_30b,2m,step24,24,diff-dsa1,0,34,0.00,0.02,531963,1127,776,5.9,1.3,1.3,9,1903,0,0
circuit-fibsqrt_30b,2m,step24,24,full-dsa,1,96,0.04,0.10,223618956,,,,,,,,,0
circuit-fibsqrt_30b,2m,step24,24,diff-none,2,34,0.00,0.02,710797,1127,1127,8.8,0,1.3,10.2,0,0,0
circuit-fibsqrt_30b,2m,step24,24,diff-cpu,3,37,0.00,0.02,531963,1127,776,6.8,0.5,1.5,9.7,0,0,0
circuit-fibsqrt_30b,2m,step24,24,diff-dsa,4,30,0.00,0.02,531963,1127,776,6.5,0.3,0.8,8.5,1903,0,0
