session,pages,checkpoint,turn,variant,order,wall_ms,cpu_s,out_bytes,dirty_pages,changed_pages,prepare_ms,compare_ms,gather_ms,compress_ms,populate_calls,dsa_ops,dsa_redo,dedup_pages,dedup_ms,rc
path-tracing_30b,4k,base,0,diff-cpu-res,0,238,0.3574,202876720,,,19.8,,,210.8,30,,,,,0
path-tracing_30b,4k,base,0,diff-dsa-res,1,207,0.3090,202876720,,,20.5,,,180.6,9,,,,,0
path-tracing_30b,4k,base,0,diff-cpu-res-dedup,2,231,0.3523,202876720,,,16.9,,,209.8,9,,,,,0
path-tracing_30b,4k,base,0,diff-dsa-res-dedup,3,205,0.2974,202876720,,,16.6,,,182.4,9,,,,,0
path-tracing_30b,4k,step1,1,diff-dsa-res,0,9,0.0039,1354268,1766,1413,0,0.4,1.8,1,2,3179,0,0,0,0
path-tracing_30b,4k,step1,1,diff-cpu-res-dedup,1,16,0.0089,696961,1766,1413,0.1,1,2.6,0.9,2,0,0,316,3.6,0
path-tracing_30b,4k,step1,1,diff-dsa-res-dedup,2,12,0.0061,696961,1766,1413,0.2,0.5,2.4,0.8,2,2863,0,316,1.6,0
path-tracing_30b,4k,step1,1,diff-cpu-res,3,11,0.0064,1354268,1766,1413,0.2,1.1,3.4,1,5,0,0,0,0,0
path-tracing_30b,4k,step2,2,diff-cpu-res-dedup,0,11,0.0062,628865,1422,967,0.1,0.8,1.7,0.8,3,0,0,38,2.3,0
path-tracing_30b,4k,step2,2,diff-dsa-res-dedup,1,10,0.0048,628865,1422,967,0.1,0.4,1.9,0.8,3,2351,0,38,1,0
path-tracing_30b,4k,step2,2,diff-cpu-res,2,8,0.0050,708541,1422,967,0.1,0.9,2.5,0.8,3,0,0,0,0,0
path-tracing_30b,4k,step2,2,diff-dsa-res,3,10,0.0041,708541,1422,967,0.1,0.4,1.9,0.9,3,2389,0,0,0,0
path-tracing_30b,4k,step3,3,diff-dsa-res-dedup,0,11,0.0052,657867,1514,1016,0.1,0.4,2.3,0.7,4,2518,0,12,1,0
path-tracing_30b,4k,step3,3,diff-cpu-res,1,12,0.0058,679326,1514,1016,0.1,1,3.2,0.7,4,0,0,0,0,0
path-tracing_30b,4k,step3,3,diff-dsa-res,2,9,0.0030,679326,1514,1016,0.1,0.4,1.2,0.7,4,2530,0,0,0,0
path-tracing_30b,4k,step3,3,diff-cpu-res-dedup,3,13,0.0078,657867,1514,1016,0.1,0.9,2.4,0.8,4,0,0,12,2.8,0
path-tracing_30b,4k,step4,4,diff-cpu-res,0,9,0.0049,661994,1403,946,0.1,0.9,2.5,0.8,3,0,0,0,0,0
path-tracing_30b,4k,step4,4,diff-dsa-res,1,7,0.0033,661994,1403,946,0.1,0.4,1.5,0.7,1,2349,0,0,0,0
path-tracing_30b,4k,step4,4,diff-cpu-res-dedup,2,12,0.0053,622882,1403,946,0,0.5,1.9,0.8,1,0,0,23,1.5,0
path-tracing_30b,4k,step4,4,diff-dsa-res-dedup,3,9,0.0050,622882,1403,946,0.1,0.4,2.2,0.7,1,2326,0,23,1,0
path-tracing_30b,4k,step5,5,diff-dsa-res,0,11,0.0044,577177,1325,853,0.1,0.4,2.1,1,0,2178,0,0,0,0
path-tracing_30b,4k,step5,5,diff-cpu-res-dedup,1,12,0.0070,574670,1325,853,0.1,0.8,1.9,0.8,0,0,0,9,2.3,0
path-tracing_30b,4k,step5,5,diff-dsa-res-dedup,2,10,0.0038,574670,1325,853,0,0.4,1.5,0.7,0,2169,0,9,0.7,0
path-tracing_30b,4k,step5,5,diff-cpu-res,3,11,0.0047,577177,1325,853,0.1,0.8,2.4,0.8,0,0,0,0,0,0
path-tracing_30b,4k,step6,6,diff-cpu-res-dedup,0,11,0.0057,595061,1323,888,0.1,0.8,1.2,0.7,0,0,0,15,2.3,0
path-tracing_30b,4k,step6,6,diff-dsa-res-dedup,1,10,0.0049,595061,1323,888,0.1,0.4,2.1,0.7,0,2196,0,15,1,0
path-tracing_30b,4k,step6,6,diff-cpu-res,2,9,0.0046,622751,1323,888,0.1,0.9,2.2,0.8,0,0,0,0,0,0
path-tracing_30b,4k,step6,6,diff-dsa-res,3,9,0.0033,622751,1323,888,0,0.3,1.3,0.9,0,2211,0,0,0,0
path-tracing_30b,4k,step7,7,diff-dsa-res-dedup,0,10,0.0058,652655,1446,974,0.1,0.4,2.4,1.1,0,2400,0,20,0.9,0
path-tracing_30b,4k,step7,7,diff-cpu-res,1,10,0.0043,694596,1446,974,0.1,0.7,2.2,0.8,0,0,0,0,0,0
path-tracing_30b,4k,step7,7,diff-dsa-res,2,9,0.0027,694596,1446,974,0,0.4,1,0.8,0,2420,0,0,0,0
path-tracing_30b,4k,step7,7,diff-cpu-res-dedup,3,12,0.0065,652655,1446,974,0.1,0.9,1.7,0.8,0,0,0,20,2.5,0
path-tracing_30b,4k,step8,8,diff-cpu-res,0,10,0.0048,632734,1367,918,0.1,0.9,2.4,0.8,0,0,0,0,0,0
path-tracing_30b,4k,step8,8,diff-dsa-res,1,10,0.0036,632734,1367,918,0.1,0.4,1.4,1,0,2285,0,0,0,0
path-tracing_30b,4k,step8,8,diff-cpu-res-dedup,2,10,0.0049,631955,1367,918,0,0.5,1.6,0.8,0,0,0,1,1.2,0
path-tracing_30b,4k,step8,8,diff-dsa-res-dedup,3,10,0.0048,631955,1367,918,0.1,0.4,2,0.7,0,2284,0,1,0.7,0
path-tracing_30b,4k,step9,9,diff-dsa-res,0,9,0.0037,585144,1333,853,0.1,0.4,1.9,0.8,0,2186,0,0,0,0
path-tracing_30b,4k,step9,9,diff-cpu-res-dedup,1,12,0.0066,584937,1333,853,0.1,0.8,1.6,0.8,0,0,0,1,2.2,0
path-tracing_30b,4k,step9,9,diff-dsa-res-dedup,2,10,0.0035,584937,1333,853,0,0.4,1.1,0.7,0,2185,0,1,0.7,0
path-tracing_30b,4k,step9,9,diff-cpu-res,3,10,0.0047,585144,1333,853,0.1,0.9,2.3,0.8,0,0,0,0,0,0
path-tracing_30b,4k,step10,10,diff-cpu-res-dedup,0,131,0.1250,26682135,28938,27057,4.1,4.4,67.9,8.5,834,0,0,7357,39.9,0
path-tracing_30b,4k,step10,10,diff-dsa-res-dedup,1,80,0.0736,26682135,28938,27057,5.3,4.6,45.8,8.5,834,48638,0,7357,8.8,0
path-tracing_30b,4k,step10,10,diff-cpu-res,2,100,0.0952,42140240,28938,27057,4.3,4.1,74.5,12,839,0,0,0,0,0
path-tracing_30b,4k,step10,10,diff-dsa-res,3,72,0.0673,42140240,28938,27057,2.4,4.8,47.1,12.1,834,55995,0,0,0,0
path-tracing_30b,4k,step11,11,diff-dsa-res-dedup,0,9,0.0038,628553,1374,910,0.1,0.3,1.5,0.8,0,2282,0,2,0.4,0
path-tracing_30b,4k,step11,11,diff-cpu-res,1,9,0.0046,629039,1374,910,0.1,0.7,2.2,0.9,0,0,0,0,0,0
path-tracing_30b,4k,step11,11,diff-dsa-res,2,9,0.0037,629039,1374,910,0.1,0.4,1.6,0.7,0,2284,0,0,0,0
path-tracing_30b,4k,step11,11,diff-cpu-res-dedup,3,12,0.0058,628553,1374,910,0,0.7,1.9,0.8,0,0,0,2,1.6,0
path-tracing_30b,4k,step12,12,diff-cpu-res,0,11,0.0049,645445,1397,966,0.1,0.9,2.5,0.9,0,0,0,0,0,0
path-tracing_30b,4k,step12,12,diff-dsa-res,1,8,0.0032,645445,1397,966,0,0.4,1.2,0.9,0,2363,0,0,0,0
path-tracing_30b,4k,step12,12,diff-cpu-res-dedup,2,11,0.0067,645200,1397,966,0.1,0.9,1.9,0.8,0,0,0,1,2.4,0
path-tracing_30b,4k,step12,12,diff-dsa-res-dedup,3,12,0.0053,645200,1397,966,0.1,0.4,2.3,1,0,2362,0,1,0.8,0
path-tracing_30b,4k,step13,13,diff-dsa-res,0,12,0.0052,1195907,2086,1612,0.1,0.5,2.6,1,2,3698,0,0,0,0
path-tracing_30b,4k,step13,13,diff-cpu-res-dedup,1,14,0.0083,1194517,2086,1612,0.1,0.7,3.1,0.9,2,0,0,3,2.7,0
path-tracing_30b,4k,step13,13,diff-dsa-res-dedup,2,10,0.0041,1194517,2086,1612,0.1,0.4,1.1,1.1,2,3695,0,3,0.8,0
path-tracing_30b,4k,step13,13,diff-cpu-res,3,13,0.0076,1195907,2086,1612,0.1,1,4.9,0.9,2,0,0,0,0,0
path-tracing_30b,4k,step14,14,diff-cpu-res-dedup,0,71,0.0632,22453741,21190,20317,0.8,3.6,31.9,7.4,231,0,0,1,19.2,0
path-tracing_30b,4k,step14,14,diff-dsa-res-dedup,1,32,0.0260,22453741,21190,20317,1,2.3,10.6,7.4,231,41506,0,1,4.1,0
path-tracing_30b,4k,step14,14,diff-cpu-res,2,51,0.0452,22454012,21190,20317,1,4.3,32.1,7.5,231,0,0,0,0,0
path-tracing_30b,4k,step14,14,diff-dsa-res,3,26,0.0203,22454012,21190,20317,0.3,1.8,10.2,7.5,231,41507,0,0,0,0
path-tracing_30b,4k,step15,15,diff-dsa-res-dedup,0,8,0.0041,716344,1498,1059,0.1,0.4,1.3,0.9,0,2556,0,1,0.7,0
path-tracing_30b,4k,step15,15,diff-cpu-res,1,10,0.0053,716641,1498,1059,0.1,1,2.7,0.9,0,0,0,0,0,0
path-tracing_30b,4k,step15,15,diff-dsa-res,2,9,0.0031,716641,1498,1059,0,0.4,1.1,0.9,0,2557,0,0,0,0
path-tracing_30b,4k,step15,15,diff-cpu-res-dedup,3,12,0.0067,716344,1498,1059,0,0.7,2.5,1,0,0,0,1,1.9,0
path-tracing_30b,4k,step16,16,diff-cpu-res,0,10,0.0047,663708,1457,989,0.1,1,2.3,0.8,0,0,0,0,0,0
path-tracing_30b,4k,step16,16,diff-dsa-res,1,8,0.0032,663708,1457,989,0.1,0.4,1.4,0.7,0,2446,0,0,0,0
path-tracing_30b,4k,step16,16,diff-cpu-res-dedup,2,11,0.0066,663408,1457,989,0.1,0.9,1.8,0.8,0,0,0,1,2.3,0
path-tracing_30b,4k,step16,16,diff-dsa-res-dedup,3,9,0.0045,663408,1457,989,0.1,0.4,2,0.7,0,2445,0,1,0.7,0
path-tracing_30b,4k,step17,17,diff-dsa-res,0,10,0.0038,638817,1389,948,0.1,0.4,1.6,1.1,0,2337,0,0,0,0
path-tracing_30b,4k,step17,17,diff-cpu-res-dedup,1,12,0.0066,638542,1389,948,0.1,0.9,1.8,0.8,0,0,0,1,2.3,0
path-tracing_30b,4k,step17,17,diff-dsa-res-dedup,2,8,0.0032,638542,1389,948,0,0.3,1.1,0.7,0,2336,0,1,0.5,0
path-tracing_30b,4k,step17,17,diff-cpu-res,3,10,0.0042,638817,1389,948,0,0.6,2.3,0.8,0,0,0,0,0,0
path-tracing_30b,4k,step18,18,diff-cpu-res-dedup,0,15,0.0078,1176328,2050,1586,0.1,1,2.4,0.9,0,0,0,1,2.8,0
path-tracing_30b,4k,step18,18,diff-dsa-res-dedup,1,10,0.0044,1176328,2050,1586,0.1,0.5,1.4,1,0,3635,0,1,0.9,0
path-tracing_30b,4k,step18,18,diff-cpu-res,2,12,0.0064,1176947,2050,1586,0.1,1,3.8,0.9,0,0,0,0,0,0
path-tracing_30b,4k,step18,18,diff-dsa-res,3,8,0.0035,1176947,2050,1586,0.1,0.4,1.4,1.1,0,3636,0,0,0,0
path-tracing_30b,4k,step19,19,diff-dsa-res-dedup,0,8,0.0037,607678,1359,898,0,0.4,1.4,0.8,0,2256,0,1,0.5,0
path-tracing_30b,4k,step19,19,diff-cpu-res,1,10,0.0043,607925,1359,898,0,0.6,2.2,0.8,0,0,0,0,0,0
path-tracing_30b,4k,step19,19,diff-dsa-res,2,9,0.0041,607925,1359,898,0.1,0.4,2,0.8,0,2257,0,0,0,0
path-tracing_30b,4k,step19,19,diff-cpu-res-dedup,3,10,0.0057,607678,1359,898,0.1,0.8,1.5,0.8,0,0,0,1,2,0
path-tracing_30b,4k,step20,20,diff-cpu-res,0,40,0.0341,8879622,19172,18335,0.2,3.2,24.8,5.6,66,0,0,0,0,0
path-tracing_30b,4k,step20,20,diff-dsa-res,1,22,0.0168,8879622,19172,18335,0.3,1.8,8.3,5.5,64,37507,0,0,0,0
path-tracing_30b,4k,step20,20,diff-cpu-res-dedup,2,59,0.0520,8802060,19172,18335,0.3,4.6,27,5.6,64,0,0,43,14.2,0
path-tracing_30b,4k,step20,20,diff-dsa-res-dedup,3,24,0.0186,8802060,19172,18335,0.3,1.4,6.9,5.6,64,37464,0,43,3.9,0
path-tracing_30b,4k,step21,21,diff-dsa-res,0,10,0.0034,721485,1482,1049,0.1,0.4,1.6,0.8,0,2531,0,0,0,0
path-tracing_30b,4k,step21,21,diff-cpu-res-dedup,1,12,0.0060,721170,1482,1049,0,0.6,2.2,0.9,0,0,0,1,1.6,0
path-tracing_30b,4k,step21,21,diff-dsa-res-dedup,2,10,0.0048,721170,1482,1049,0.1,0.4,2.1,0.9,0,2530,0,1,0.8,0
path-tracing_30b,4k,step21,21,diff-cpu-res,3,9,0.0051,721485,1482,1049,0.1,1,2.7,0.8,0,0,0,0,0,0
path-tracing_30b,4k,step22,22,diff-cpu-res-dedup,0,12,0.0063,697317,1499,1016,0.1,1,1.6,0.8,0,0,0,1,2.2,0
path-tracing_30b,4k,step22,22,diff-dsa-res-dedup,1,10,0.0048,697317,1499,1016,0.1,0.4,2.3,0.7,0,2514,0,1,0.6,0
path-tracing_30b,4k,step22,22,diff-cpu-res,2,10,0.0049,697596,1499,1016,0.1,1,2.5,0.8,0,0,0,0,0,0
path-tracing_30b,4k,step22,22,diff-dsa-res,3,10,0.0042,697596,1499,1016,0.1,0.4,1.8,1.1,0,2515,0,0,0,0
path-tracing_30b,4k,step23,23,diff-dsa-res-dedup,0,10,0.0036,508137,1118,738,0,0.3,1.3,0.7,0,1856,0,0,0.5,0
path-tracing_30b,4k,step23,23,diff-cpu-res,1,11,0.0049,508137,1118,738,0.1,0.8,2.5,0.7,0,0,0,0,0,0
path-tracing_30b,4k,step23,23,diff-dsa-res,2,9,0.0042,508137,1118,738,0.1,0.4,2,0.9,0,1856,0,0,0,0
path-tracing_30b,4k,step23,23,diff-cpu-res-dedup,3,8,0.0036,508137,1118,738,0,0.3,1.2,0.7,0,0,0,0,0.6,0
