session,pages,checkpoint,turn,variant,order,wall_ms,cpu_s,out_bytes,dirty_pages,changed_pages,prepare_ms,compare_ms,gather_ms,compress_ms,populate_calls,dsa_ops,dsa_redo,rc
regex-chess_30b,4k,base,0,full-proc,0,118,0.160115,202200653,,,,,,,,,,0
regex-chess_30b,4k,base,0,full-res,1,84,0.1137,202200653,,,21.7,,,57.3,8,,,0
regex-chess_30b,4k,base,0,diff-cpu-proc,2,289,0.427198,202200653,,,,,,,,,,0
regex-chess_30b,4k,base,0,diff-dsa-proc,3,254,0.379598,202200653,,,,,,,,,,0
regex-chess_30b,4k,base,0,diff-cpu-res,4,236,0.3529,202200653,,,21.1,,,209.8,8,,,0
regex-chess_30b,4k,base,0,diff-dsa-res,5,207,0.2962,202200653,,,21.6,,,178.5,8,,,0
regex-chess_30b,4k,step1,1,full-res,0,80,0.1078,202720927,,,6.8,,,54.2,1,,,0
regex-chess_30b,4k,step1,1,diff-cpu-proc,1,50,0.050967,1570538,1854,1566,10,0.8,4.4,25.9,,0,0,0
regex-chess_30b,4k,step1,1,diff-dsa-proc,2,35,0.038892,1570538,1854,1566,7.9,0.4,1.4,17.4,,3420,0,0
regex-chess_30b,4k,step1,1,diff-cpu-res,3,11,0.0067,1570538,1854,1566,0.1,0.9,3.9,1.1,2,0,0,0
regex-chess_30b,4k,step1,1,diff-dsa-res,4,11,0.0058,1570538,1854,1566,0.1,0.4,2.4,1.5,2,3420,0,0
regex-chess_30b,4k,step1,1,full-proc,5,108,0.141776,202720927,,,,,,,,,,0
regex-chess_30b,4k,step2,2,diff-cpu-proc,0,39,0.036267,456425,1013,677,10.2,0.4,1.4,13.2,,0,0,0
regex-chess_30b,4k,step2,2,diff-dsa-proc,1,40,0.032683,456425,1013,677,7.7,0.4,0.8,18.2,,1690,0,0
regex-chess_30b,4k,step2,2,diff-cpu-res,2,10,0.0050,456425,1013,677,0.1,0.7,2.8,0.7,2,0,0,0
regex-chess_30b,4k,step2,2,diff-dsa-res,3,8,0.0034,456425,1013,677,0.1,0.4,1.7,0.7,2,1690,0,0
regex-chess_30b,4k,step2,2,full-proc,4,104,0.143433,202735293,,,,,,,,,,0
regex-chess_30b,4k,step2,2,full-res,5,81,0.1069,202735293,,,7,,,56,1,,,0
regex-chess_30b,4k,step3,3,diff-dsa-proc,0,41,0.033927,633636,1323,961,7.7,0.5,1.5,15.9,,2284,0,0
regex-chess_30b,4k,step3,3,diff-cpu-res,1,11,0.0052,633636,1323,961,0.1,0.8,2.9,0.7,2,0,0,0
regex-chess_30b,4k,step3,3,diff-dsa-res,2,10,0.0038,633636,1323,961,0.1,0.4,1.9,0.7,2,2284,0,0
regex-chess_30b,4k,step3,3,full-proc,3,104,0.140788,202631980,,,,,,,,,,0
regex-chess_30b,4k,step3,3,full-res,4,78,0.1044,202631980,,,6.8,,,53.8,0,,,0
regex-chess_30b,4k,step3,3,diff-cpu-proc,5,42,0.039213,633636,1323,961,8.3,0.5,2.5,16,,0,0,0
regex-chess_30b,4k,step4,4,diff-cpu-res,0,10,0.0046,594638,1319,873,0.1,0.7,2.4,0.8,2,0,0,0
regex-chess_30b,4k,step4,4,diff-dsa-res,1,9,0.0037,594638,1319,873,0.1,0.4,1.8,0.9,2,2192,0,0
regex-chess_30b,4k,step4,4,full-proc,2,102,0.137789,202627638,,,,,,,,,,0
regex-chess_30b,4k,step4,4,full-res,3,79,0.1059,202627638,,,7.4,,,53.5,0,,,0
regex-chess_30b,4k,step4,4,diff-cpu-proc,4,36,0.038112,594638,1319,873,7.4,0.5,2.1,15.2,,0,0,0
regex-chess_30b,4k,step4,4,diff-dsa-proc,5,40,0.039719,594638,1319,873,8.9,0.5,1.1,23.8,,2192,0,0
regex-chess_30b,4k,step5,5,diff-dsa-res,0,23,0.0168,8882318,7264,6695,1.3,1.7,10.5,2.7,35,13959,0,0
regex-chess_30b,4k,step5,5,full-proc,1,107,0.144798,210728468,,,,,,,,,,0
regex-chess_30b,4k,step5,5,full-res,2,82,0.1074,210728468,,,6.9,,,57.7,1,,,0
regex-chess_30b,4k,step5,5,diff-cpu-proc,3,58,0.061153,8882318,7264,6695,8.8,1,20,15.4,,0,0,0
regex-chess_30b,4k,step5,5,diff-dsa-proc,4,51,0.051104,8882318,7264,6695,8.7,1.6,10.9,14.2,,13959,0,0
regex-chess_30b,4k,step5,5,diff-cpu-res,5,30,0.0243,8882318,7264,6695,1.1,1.2,18.8,2.9,35,0,0,0
regex-chess_30b,4k,step6,6,full-proc,0,111,0.147416,210480688,,,,,,,,,,0
regex-chess_30b,4k,step6,6,full-res,1,84,0.1102,210480688,,,6.3,,,56.6,0,,,0
regex-chess_30b,4k,step6,6,diff-cpu-proc,2,41,0.042003,2985064,3342,2913,9.6,0.6,5.5,14,,0,0,0
regex-chess_30b,4k,step6,6,diff-dsa-proc,3,40,0.034468,2985064,3342,2913,7.9,0.6,1.7,15.5,,6255,0,0
regex-chess_30b,4k,step6,6,diff-cpu-res,4,15,0.0093,2985064,3342,2913,0.1,1,6.1,1.5,4,0,0,0
regex-chess_30b,4k,step6,6,diff-dsa-res,5,12,0.0057,2985064,3342,2913,0.1,0.7,3.1,1.3,4,6255,0,0
regex-chess_30b,4k,step7,7,full-res,0,83,0.1097,210550135,,,6.3,,,57.4,0,,,0
regex-chess_30b,4k,step7,7,diff-cpu-proc,1,38,0.040369,2998214,3299,2847,9.1,0.7,5.3,14.8,,0,0,0
regex-chess_30b,4k,step7,7,diff-dsa-proc,2,38,0.039813,2998214,3299,2847,8.4,0.7,1.5,17.7,,6146,0,0
regex-chess_30b,4k,step7,7,diff-cpu-res,3,13,0.0079,2998214,3299,2847,0.1,0.9,4.9,1.4,0,0,0,0
regex-chess_30b,4k,step7,7,diff-dsa-res,4,10,0.0050,2998214,3299,2847,0.1,0.6,2.5,1.3,0,6146,0,0
regex-chess_30b,4k,step7,7,full-proc,5,109,0.144082,210550135,,,,,,,,,,0
regex-chess_30b,4k,step8,8,diff-cpu-proc,0,40,0.043996,3035434,3361,2947,10,0.7,5.7,13.4,,0,0,0
regex-chess_30b,4k,step8,8,diff-dsa-proc,1,45,0.042811,3035434,3361,2947,9,0.9,2,22.1,,6308,0,0
regex-chess_30b,4k,step8,8,diff-cpu-res,2,14,0.0088,3035434,3361,2947,0.2,1.1,5.6,1.4,6,0,0,0
regex-chess_30b,4k,step8,8,diff-dsa-res,3,13,0.0074,3035434,3361,2947,0.2,0.7,4.5,1.4,6,6308,0,0
regex-chess_30b,4k,step8,8,full-proc,4,105,0.147510,210926920,,,,,,,,,,0
regex-chess_30b,4k,step8,8,full-res,5,86,0.1127,210926920,,,7.2,,,59.6,1,,,0
regex-chess_30b,4k,step9,9,diff-dsa-proc,0,42,0.042626,1946512,2403,1946,9.6,0.7,1.9,18,,4349,0,0
regex-chess_30b,4k,step9,9,diff-cpu-res,1,14,0.0070,1946512,2403,1946,0.1,0.8,4.3,1.2,1,0,0,0
regex-chess_30b,4k,step9,9,diff-dsa-res,2,9,0.0045,1946512,2403,1946,0.1,0.6,2.2,1,1,4349,0,0
regex-chess_30b,4k,step9,9,full-proc,3,108,0.146478,210958990,,,,,,,,,,0
regex-chess_30b,4k,step9,9,full-res,4,80,0.1075,210958990,,,6.2,,,56.5,0,,,0
regex-chess_30b,4k,step9,9,diff-cpu-proc,5,43,0.044263,1946512,2403,1946,8.4,0.7,4.3,20.7,,0,0,0
regex-chess_30b,4k,step10,10,diff-cpu-res,0,67,0.0590,25252027,18941,18384,2.9,2.4,46.3,7.3,35,0,0,0
regex-chess_30b,4k,step10,10,diff-dsa-res,1,50,0.0427,25252027,18941,18384,3.4,2.8,29,7.2,35,37325,0,0
regex-chess_30b,4k,step10,10,full-proc,2,128,0.169922,231855079,,,,,,,,,,0
regex-chess_30b,4k,step10,10,full-res,3,91,0.1168,231855079,,,7.7,,,65.3,1,,,0
regex-chess_30b,4k,step10,10,diff-cpu-proc,4,99,0.099829,25252027,18941,18384,12.9,2.2,43.8,23.6,,0,0,0
regex-chess_30b,4k,step10,10,diff-dsa-proc,5,82,0.082593,25252027,18941,18384,13.2,2.8,26.3,22.9,,37325,0,0
regex-chess_30b,4k,step11,11,diff-dsa-res,0,10,0.0037,840826,1553,1105,0.1,0.4,1.6,0.9,0,2658,0,0
regex-chess_30b,4k,step11,11,full-proc,1,113,0.152857,231921983,,,,,,,,,,0
regex-chess_30b,4k,step11,11,full-res,2,93,0.1200,231921983,,,7,,,65.4,0,,,0
regex-chess_30b,4k,step11,11,diff-cpu-proc,3,46,0.040709,840826,1553,1105,8.8,0.6,2.5,17.3,,0,0,0
regex-chess_30b,4k,step11,11,diff-dsa-proc,4,44,0.039857,840826,1553,1105,7.8,0.5,1.1,17.7,,2658,0,0
regex-chess_30b,4k,step11,11,diff-cpu-res,5,11,0.0057,840826,1553,1105,0.1,1.1,3,0.9,0,0,0,0
regex-chess_30b,4k,step12,12,full-proc,0,119,0.155081,231521847,,,,,,,,,,0
regex-chess_30b,4k,step12,12,full-res,1,93,0.1211,231521847,,,6.6,,,65.1,0,,,0
regex-chess_30b,4k,step12,12,diff-cpu-proc,2,45,0.048206,3094147,3516,3040,9.6,0.8,6.1,18.3,,0,0,0
regex-chess_30b,4k,step12,12,diff-dsa-proc,3,43,0.042941,3094147,3516,3040,9.9,0.7,2.4,15.1,,6556,0,0
regex-chess_30b,4k,step12,12,diff-cpu-res,4,14,0.0084,3094147,3516,3040,0.1,1.3,5.1,1.4,2,0,0,0
regex-chess_30b,4k,step12,12,diff-dsa-res,5,12,0.0062,3094147,3516,3040,0.1,0.7,2.9,1.4,2,6556,0,0
regex-chess_30b,4k,step13,13,full-res,0,91,0.1169,231637767,,,6.7,,,65.2,0,,,0
regex-chess_30b,4k,step13,13,diff-cpu-proc,1,41,0.044129,3141697,3578,3091,8.5,0.8,5.2,14.7,,0,0,0
regex-chess_30b,4k,step13,13,diff-dsa-proc,2,42,0.041026,3141697,3578,3091,11.5,0.6,1.4,13.4,,6669,0,0
regex-chess_30b,4k,step13,13,diff-cpu-res,3,13,0.0093,3141697,3578,3091,0.1,1.1,6.2,1.4,0,0,0,0
regex-chess_30b,4k,step13,13,diff-dsa-res,4,11,0.0051,3141697,3578,3091,0.1,0.7,2.4,1.4,0,6669,0,0
regex-chess_30b,4k,step13,13,full-proc,5,115,0.151814,231637767,,,,,,,,,,0
regex-chess_30b,4k,step14,14,diff-cpu-proc,0,43,0.041202,1930440,2478,2023,8.5,0.6,3.7,15.5,,0,0,0
regex-chess_30b,4k,step14,14,diff-dsa-proc,1,43,0.041309,1930440,2478,2023,9.8,0.6,1.7,16.6,,4501,0,0
regex-chess_30b,4k,step14,14,diff-cpu-res,2,11,0.0066,1930440,2478,2023,0.1,1,3.7,1.1,0,0,0,0
regex-chess_30b,4k,step14,14,diff-dsa-res,3,11,0.0057,1930440,2478,2023,0.1,0.6,2.3,2,0,4501,0,0
regex-chess_30b,4k,step14,14,full-proc,4,117,0.154412,231613172,,,,,,,,,,0
regex-chess_30b,4k,step14,14,full-res,5,91,0.1193,231613172,,,6.9,,,65.4,0,,,0
regex-chess_30b,4k,step15,15,diff-dsa-proc,0,39,0.035292,728942,1524,1073,8.8,0.4,1.1,13.8,,2597,0,0
regex-chess_30b,4k,step15,15,diff-cpu-res,1,10,0.0053,728942,1524,1073,0.1,1,2.8,0.8,0,0,0,0
regex-chess_30b,4k,step15,15,diff-dsa-res,2,10,0.0037,728942,1524,1073,0.1,0.4,1.7,0.9,0,2597,0,0
regex-chess_30b,4k,step15,15,full-proc,3,116,0.153875,231596568,,,,,,,,,,0
regex-chess_30b,4k,step15,15,full-res,4,93,0.1170,231596568,,,7.8,,,66.7,0,,,0
regex-chess_30b,4k,step15,15,diff-cpu-proc,5,42,0.042440,728942,1524,1073,11.7,0.6,2.3,12.8,,0,0,0
regex-chess_30b,4k,step16,16,diff-cpu-res,0,15,0.0090,3092973,3437,2951,0.1,1.2,5.7,1.4,0,0,0,0
regex-chess_30b,4k,step16,16,diff-dsa-res,1,11,0.0048,3092973,3437,2951,0.1,0.6,2.3,1.4,0,6388,0,0
regex-chess_30b,4k,step16,16,full-proc,2,114,0.150544,231649210,,,,,,,,,,0
regex-chess_30b,4k,step16,16,full-res,3,91,0.1166,231649210,,,7,,,65.4,0,,,0
regex-chess_30b,4k,step16,16,diff-cpu-proc,4,43,0.048357,3092973,3437,2951,10.8,0.8,5.4,17.5,,0,0,0
regex-chess_30b,4k,step16,16,diff-dsa-proc,5,38,0.040473,3092973,3437,2951,11.2,0.7,2.1,16.4,,6388,0,0
regex-chess_30b,4k,step17,17,diff-dsa-res,0,13,0.0054,1979453,2547,2072,0.1,0.6,2.3,1.7,1,4619,0,0
regex-chess_30b,4k,step17,17,full-proc,1,122,0.159238,231646125,,,,,,,,,,0
regex-chess_30b,4k,step17,17,full-res,2,93,0.1178,231646125,,,6.9,,,65,0,,,0
regex-chess_30b,4k,step17,17,diff-cpu-proc,3,47,0.047504,1979453,2547,2072,11.9,0.7,4,13.9,,0,0,0
regex-chess_30b,4k,step17,17,diff-dsa-proc,4,49,0.048697,1979453,2547,2072,11.2,0.7,2.1,21.2,,4619,0,0
regex-chess_30b,4k,step17,17,diff-cpu-res,5,13,0.0067,1979453,2547,2072,0.1,1.1,3.9,1.1,1,0,0,0
regex-chess_30b,4k,step18,18,full-proc,0,116,0.158755,231591188,,,,,,,,,,0
regex-chess_30b,4k,step18,18,full-res,1,92,0.1166,231591188,,,7.5,,,64.9,0,,,0
regex-chess_30b,4k,step18,18,diff-cpu-proc,2,42,0.043047,1973416,2597,2088,9.9,0.7,3.1,13.2,,0,0,0
regex-chess_30b,4k,step18,18,diff-dsa-proc,3,44,0.037991,1973416,2597,2088,9.6,0.6,1.7,14.2,,4685,0,0
regex-chess_30b,4k,step18,18,diff-cpu-res,4,12,0.0070,1973416,2597,2088,0.1,1.2,4,1.1,1,0,0,0
regex-chess_30b,4k,step18,18,diff-dsa-res,5,10,0.0043,1973416,2597,2088,0.1,0.5,1.5,1.2,1,4685,0,0
regex-chess_30b,4k,step19,19,full-res,0,90,0.1169,231598996,,,6.4,,,64.4,0,,,0
regex-chess_30b,4k,step19,19,diff-cpu-proc,1,44,0.043402,1975155,2567,2071,9.7,0.7,4.4,14.8,,0,0,0
regex-chess_30b,4k,step19,19,diff-dsa-proc,2,45,0.046082,1975155,2567,2071,11.2,0.6,2.1,18.3,,4638,0,0
regex-chess_30b,4k,step19,19,diff-cpu-res,3,11,0.0059,1975155,2567,2071,0,0.7,3.3,1.3,0,0,0,0
regex-chess_30b,4k,step19,19,diff-dsa-res,4,10,0.0043,1975155,2567,2071,0.1,0.4,1.6,1.3,0,4638,0,0
regex-chess_30b,4k,step19,19,full-proc,5,117,0.156615,231598996,,,,,,,,,,0
regex-chess_30b,4k,step20,20,diff-cpu-proc,0,44,0.043206,1960551,2535,2059,9.9,0.6,3.8,12.7,,0,0,0
regex-chess_30b,4k,step20,20,diff-dsa-proc,1,40,0.039858,1960551,2535,2059,10,0.6,1.9,13.7,,4594,0,0
regex-chess_30b,4k,step20,20,diff-cpu-res,2,12,0.0056,1960551,2535,2059,0.1,0.7,3.1,1.1,0,0,0,0
regex-chess_30b,4k,step20,20,diff-dsa-res,3,11,0.0050,1960551,2535,2059,0.1,0.5,2.6,1.2,0,4594,0,0
regex-chess_30b,4k,step20,20,full-proc,4,121,0.157503,231601969,,,,,,,,,,0
regex-chess_30b,4k,step20,20,full-res,5,92,0.1186,231601969,,,6.6,,,65.2,0,,,0
regex-chess_30b,4k,step21,21,diff-dsa-proc,0,43,0.042146,1963501,2543,2059,10.4,0.6,1.9,14.6,,4602,0,0
regex-chess_30b,4k,step21,21,diff-cpu-res,1,14,0.0076,1963501,2543,2059,0.1,1,4.5,1.2,0,0,0,0
regex-chess_30b,4k,step21,21,diff-dsa-res,2,9,0.0048,1963501,2543,2059,0.1,0.5,2.4,1.1,0,4602,0,0
regex-chess_30b,4k,step21,21,full-proc,3,120,0.159844,231605021,,,,,,,,,,0
regex-chess_30b,4k,step21,21,full-res,4,93,0.1186,231605021,,,7.1,,,65.6,0,,,0
regex-chess_30b,4k,step21,21,diff-cpu-proc,5,45,0.047414,1963501,2543,2059,11.6,0.7,4.6,17,,0,0,0
regex-chess_30b,4k,step22,22,diff-cpu-res,0,10,0.0063,1966851,2533,2056,0.1,1.1,3.3,1.2,0,0,0,0
regex-chess_30b,4k,step22,22,diff-dsa-res,1,11,0.0057,1966851,2533,2056,0.1,0.5,2.3,1.8,0,4589,0,0
regex-chess_30b,4k,step22,22,full-proc,2,121,0.161031,231603114,,,,,,,,,,0
regex-chess_30b,4k,step22,22,full-res,3,92,0.1179,231603114,,,7.1,,,64.6,0,,,0
regex-chess_30b,4k,step22,22,diff-cpu-proc,4,46,0.046951,1966851,2533,2056,10.1,0.8,4.4,20.5,,0,0,0
regex-chess_30b,4k,step22,22,diff-dsa-proc,5,39,0.036971,1966851,2533,2056,9.5,0.5,1.8,13.8,,4589,0,0
regex-chess_30b,4k,step23,23,diff-dsa-res,0,9,0.0039,735086,1542,1073,0.1,0.4,1.5,1,0,2615,0,0
regex-chess_30b,4k,step23,23,full-proc,1,121,0.157178,231584804,,,,,,,,,,0
regex-chess_30b,4k,step23,23,full-res,2,93,0.1180,231584804,,,6.3,,,65.9,0,,,0
regex-chess_30b,4k,step23,23,diff-cpu-proc,3,44,0.039100,735086,1542,1073,9.1,0.6,2.3,15.2,,0,0,0
regex-chess_30b,4k,step23,23,diff-dsa-proc,4,42,0.037640,735086,1542,1073,9.8,0.4,1,12.3,,2615,0,0
regex-chess_30b,4k,step23,23,diff-cpu-res,5,11,0.0064,735086,1542,1073,0.1,1,3.4,0.9,0,0,0,0
regex-chess_30b,4k,step24,24,full-proc,0,118,0.158207,231579989,,,,,,,,,,0
regex-chess_30b,4k,step24,24,full-res,1,93,0.1203,231579989,,,7.3,,,64.7,0,,,0
regex-chess_30b,4k,step24,24,diff-cpu-proc,2,36,0.037853,545074,1158,798,9.1,0.4,2,15.7,,0,0,0
regex-chess_30b,4k,step24,24,diff-dsa-proc,3,41,0.037328,545074,1158,798,9.2,0.4,1.2,17.7,,1956,0,0
regex-chess_30b,4k,step24,24,diff-cpu-res,4,11,0.0050,545074,1158,798,0.1,0.8,2.7,0.8,0,0,0,0
regex-chess_30b,4k,step24,24,diff-dsa-res,5,8,0.0025,545074,1158,798,0,0.3,0.9,0.7,0,1956,0,0
