dataset,phase,codec,chunk_size,workers,runs,mean_ms,median_ms,p95_ms,median_cpu_util_pct,stored_mib,compression_ratio,space_saving_pct,speedup_vs_raw
silesia,restore,qpl-hardware-dynamic-async+dsa,1048576,32,3,787.98,788.12,791.90,96.00,934.57,2.74,63.46,1.39
silesia,restore,qpl-hardware-static-async,1048576,32,3,798.88,798.44,800.82,96.00,1094.95,2.34,57.18,1.37
silesia,restore,qpl-hardware-static-async+cpu,1048576,32,3,800.03,801.56,803.28,96.00,1094.95,2.34,57.18,1.37
silesia,restore,qpl-hardware-dynamic-async+dsacrc,1048576,32,3,804.10,803.78,806.77,96.00,934.64,2.74,63.45,1.37
silesia,restore,qpl-hardware-dynamic-async,1048576,32,3,807.17,806.71,807.99,96.00,934.57,2.74,63.46,1.36
silesia,restore,qpl-hardware-static-async+dsa,1048576,32,3,812.91,812.53,816.27,97.00,1094.95,2.34,57.18,1.35
silesia,restore,qpl-hardware-dynamic-async+cpu,1048576,32,3,813.15,814.33,814.97,96.00,934.57,2.74,63.46,1.35
silesia,restore,qpl-hardware-static-async+dsacrc,1048576,32,3,823.78,825.14,827.98,97.00,1095.01,2.34,57.18,1.33
silesia,restore,raw,0,1,3,1092.33,1097.36,1100.46,97.00,2557.38,1.00,0.00,1.00
silesia,restore,lz4,1048576,1,3,2335.44,2333.78,2343.65,98.00,1128.20,2.27,55.88,0.47
silesia,restore,zstd,1048576,1,3,3142.80,3138.64,3151.10,98.00,810.62,3.15,68.30,0.35
silesia,snapshot,qpl-hardware-dynamic-async+dsacrc,1048576,32,3,2609.55,2575.72,2692.71,18.00,934.63,2.74,63.45,2.58
silesia,snapshot,qpl-hardware-static-async+dsacrc,1048576,32,3,2603.62,2605.52,2608.34,19.00,1095.02,2.34,57.18,2.55
silesia,snapshot,qpl-hardware-static-async+cpu,1048576,32,3,2661.49,2644.61,2705.97,22.00,1094.95,2.34,57.18,2.51
silesia,snapshot,qpl-hardware-dynamic-async+dsa,1048576,8,3,2675.92,2668.22,2707.07,24.00,934.57,2.74,63.46,2.49
silesia,snapshot,qpl-hardware-dynamic-async+cpu,1048576,32,3,2643.12,2769.45,2820.48,20.00,934.57,2.74,63.46,2.40
silesia,snapshot,qpl-hardware-dynamic-async+dsa,1048576,32,3,2817.82,2842.49,2910.97,17.00,934.57,2.74,63.46,2.34
silesia,snapshot,qpl-hardware-dynamic-async+cpu,1048576,8,3,2816.14,2853.16,2864.07,26.00,934.57,2.74,63.46,2.33
silesia,snapshot,qpl-hardware-dynamic-async,1048576,8,3,2860.98,2867.47,2893.36,51.00,934.57,2.74,63.46,2.32
silesia,snapshot,qpl-hardware-static-async+dsa,1048576,8,3,2872.46,2871.11,2895.62,18.00,1094.95,2.34,57.18,2.32
silesia,snapshot,qpl-hardware-dynamic-async+dsacrc,1048576,8,3,2879.28,2896.53,2912.61,24.00,934.63,2.74,63.45,2.30
silesia,snapshot,qpl-hardware-dynamic-async,1048576,32,3,2913.24,2928.20,2936.86,47.00,934.57,2.74,63.46,2.27
silesia,snapshot,qpl-hardware-static-async+cpu,1048576,8,3,3013.42,3005.26,3107.79,21.00,1094.95,2.34,57.18,2.21
silesia,snapshot,qpl-hardware-static-async+dsa,1048576,32,3,3026.75,3048.99,3108.52,16.00,1094.95,2.34,57.18,2.18
silesia,snapshot,qpl-hardware-static-async,1048576,8,3,3053.45,3097.68,3099.32,40.00,1094.95,2.34,57.18,2.15
silesia,snapshot,qpl-hardware-static-async,1048576,32,3,3181.07,3236.65,3277.60,39.00,1094.95,2.34,57.18,2.05
silesia,snapshot,qpl-hardware-static-async+dsacrc,1048576,8,3,3074.86,3255.24,3256.83,16.00,1095.01,2.34,57.18,2.04
silesia,snapshot,raw,0,1,3,6789.57,6650.70,7221.03,21.00,2557.38,1.00,0.00,1.00
silesia,snapshot,lz4,1048576,1,3,8381.36,8305.19,8641.94,80.00,1128.19,2.27,55.88,0.80
silesia,snapshot,zstd,1048576,1,3,11404.87,11378.35,11482.35,89.00,810.62,3.15,68.30,0.58
