dataset,phase,codec,chunk_size,workers,iteration,elapsed_ms,cpu_util_pct,stored_bytes,snapshot_dir
silesia,restore,lz4,1048576,1,1,2333.779,98,1182998528,/home/byrnedan/cloud-hypervisor/benchmark/results/snapshots/lz4-c1048576-w1-i1
silesia,restore,lz4,1048576,1,2,2327.788,98,1182998528,/home/byrnedan/cloud-hypervisor/benchmark/results/snapshots/lz4-c1048576-w1-i1
silesia,restore,lz4,1048576,1,3,2344.746,98,1182998528,/home/byrnedan/cloud-hypervisor/benchmark/results/snapshots/lz4-c1048576-w1-i1
silesia,restore,qpl-hardware-dynamic-async,1048576,32,1,808.129,96,979963904,/home/byrnedan/cloud-hypervisor/benchmark/results/snapshots/qpl-hardware-dynamic-async-c1048576-w8-i1
silesia,restore,qpl-hardware-dynamic-async,1048576,32,2,806.681,96,979963904,/home/byrnedan/cloud-hypervisor/benchmark/results/snapshots/qpl-hardware-dynamic-async-c1048576-w8-i1
silesia,restore,qpl-hardware-dynamic-async,1048576,32,3,806.712,96,979963904,/home/byrnedan/cloud-hypervisor/benchmark/results/snapshots/qpl-hardware-dynamic-async-c1048576-w8-i1
silesia,restore,qpl-hardware-dynamic-async+cpu,1048576,32,1,814.326,96,979968000,/home/byrnedan/cloud-hypervisor/benchmark/results/snapshots/qpl-hardware-dynamic-async+cpu-c1048576-w8-i1
silesia,restore,qpl-hardware-dynamic-async+cpu,1048576,32,2,815.037,96,979968000,/home/byrnedan/cloud-hypervisor/benchmark/results/snapshots/qpl-hardware-dynamic-async+cpu-c1048576-w8-i1
silesia,restore,qpl-hardware-dynamic-async+cpu,1048576,32,3,810.099,96,979968000,/home/byrnedan/cloud-hypervisor/benchmark/results/snapshots/qpl-hardware-dynamic-async+cpu-c1048576-w8-i1
silesia,restore,qpl-hardware-dynamic-async+dsa,1048576,32,1,792.323,96,979968000,/home/byrnedan/cloud-hypervisor/benchmark/results/snapshots/qpl-hardware-dynamic-async+dsa-c1048576-w8-i1
silesia,restore,qpl-hardware-dynamic-async+dsa,1048576,32,2,783.498,96,979968000,/home/byrnedan/cloud-hypervisor/benchmark/results/snapshots/qpl-hardware-dynamic-async+dsa-c1048576-w8-i1
silesia,restore,qpl-hardware-dynamic-async+dsa,1048576,32,3,788.115,96,979968000,/home/byrnedan/cloud-hypervisor/benchmark/results/snapshots/qpl-hardware-dynamic-async+dsa-c1048576-w8-i1
silesia,restore,qpl-hardware-dynamic-async+dsacrc,1048576,32,1,807.106,96,980037632,/home/byrnedan/cloud-hypervisor/benchmark/results/snapshots/qpl-hardware-dynamic-async+dsacrc-c1048576-w8-i1
silesia,restore,qpl-hardware-dynamic-async+dsacrc,1048576,32,2,803.781,96,980037632,/home/byrnedan/cloud-hypervisor/benchmark/results/snapshots/qpl-hardware-dynamic-async+dsacrc-c1048576-w8-i1
silesia,restore,qpl-hardware-dynamic-async+dsacrc,1048576,32,3,801.425,96,980037632,/home/byrnedan/cloud-hypervisor/benchmark/results/snapshots/qpl-hardware-dynamic-async+dsacrc-c1048576-w8-i1
silesia,restore,qpl-hardware-static-async,1048576,32,1,798.441,96,1148137472,/home/byrnedan/cloud-hypervisor/benchmark/results/snapshots/qpl-hardware-static-async-c1048576-w8-i1
silesia,restore,qpl-hardware-static-async,1048576,32,2,801.081,96,1148137472,/home/byrnedan/cloud-hypervisor/benchmark/results/snapshots/qpl-hardware-static-async-c1048576-w8-i1
silesia,restore,qpl-hardware-static-async,1048576,32,3,797.104,96,1148137472,/home/byrnedan/cloud-hypervisor/benchmark/results/snapshots/qpl-hardware-static-async-c1048576-w8-i1
silesia,restore,qpl-hardware-static-async+cpu,1048576,32,1,803.477,96,1148137472,/home/byrnedan/cloud-hypervisor/benchmark/results/snapshots/qpl-hardware-static-async+cpu-c1048576-w8-i1
silesia,restore,qpl-hardware-static-async+cpu,1048576,32,2,801.556,96,1148137472,/home/byrnedan/cloud-hypervisor/benchmark/results/snapshots/qpl-hardware-static-async+cpu-c1048576-w8-i1
silesia,restore,qpl-hardware-static-async+cpu,1048576,32,3,795.044,97,1148137472,/home/byrnedan/cloud-hypervisor/benchmark/results/snapshots/qpl-hardware-static-async+cpu-c1048576-w8-i1
silesia,restore,qpl-hardware-static-async+dsa,1048576,32,1,809.511,97,1148133376,/home/byrnedan/cloud-hypervisor/benchmark/results/snapshots/qpl-hardware-static-async+dsa-c1048576-w8-i1
silesia,restore,qpl-hardware-static-async+dsa,1048576,32,2,812.532,97,1148133376,/home/byrnedan/cloud-hypervisor/benchmark/results/snapshots/qpl-hardware-static-async+dsa-c1048576-w8-i1
silesia,restore,qpl-hardware-static-async+dsa,1048576,32,3,816.688,96,1148133376,/home/byrnedan/cloud-hypervisor/benchmark/results/snapshots/qpl-hardware-static-async+dsa-c1048576-w8-i1
silesia,restore,qpl-hardware-static-async+dsacrc,1048576,32,1,817.903,97,1148203008,/home/byrnedan/cloud-hypervisor/benchmark/results/snapshots/qpl-hardware-static-async+dsacrc-c1048576-w8-i1
silesia,restore,qpl-hardware-static-async+dsacrc,1048576,32,2,825.139,97,1148203008,/home/byrnedan/cloud-hypervisor/benchmark/results/snapshots/qpl-hardware-static-async+dsacrc-c1048576-w8-i1
silesia,restore,qpl-hardware-static-async+dsacrc,1048576,32,3,828.295,97,1148203008,/home/byrnedan/cloud-hypervisor/benchmark/results/snapshots/qpl-hardware-static-async+dsacrc-c1048576-w8-i1
silesia,restore,raw,0,1,1,1100.801,97,2681610240,/home/byrnedan/cloud-hypervisor/benchmark/results/snapshots/raw-c0-w1-i1
silesia,restore,raw,0,1,2,1097.359,97,2681610240,/home/byrnedan/cloud-hypervisor/benchmark/results/snapshots/raw-c0-w1-i1
silesia,restore,raw,0,1,3,1078.836,97,2681610240,/home/byrnedan/cloud-hypervisor/benchmark/results/snapshots/raw-c0-w1-i1
silesia,restore,zstd,1048576,1,1,3137.273,98,849993728,/home/byrnedan/cloud-hypervisor/benchmark/results/snapshots/zstd-c1048576-w1-i1
silesia,restore,zstd,1048576,1,2,3152.485,98,849993728,/home/byrnedan/cloud-hypervisor/benchmark/results/snapshots/zstd-c1048576-w1-i1
silesia,restore,zstd,1048576,1,3,3138.637,98,849993728,/home/byrnedan/cloud-hypervisor/benchmark/results/snapshots/zstd-c1048576-w1-i1
silesia,snapshot,lz4,1048576,1,1,8305.193,80,1182998528,/home/byrnedan/cloud-hypervisor/benchmark/results/snapshots/lz4-c1048576-w1-i1
silesia,snapshot,lz4,1048576,1,2,8679.352,76,1182994432,/home/byrnedan/cloud-hypervisor/benchmark/results/snapshots/lz4-c1048576-w1-i2
silesia,snapshot,lz4,1048576,1,3,8159.534,81,1182998528,/home/byrnedan/cloud-hypervisor/benchmark/results/snapshots/lz4-c1048576-w1-i3
silesia,snapshot,qpl-hardware-dynamic-async,1048576,8,1,2819.239,52,979963904,/home/byrnedan/cloud-hypervisor/benchmark/results/snapshots/qpl-hardware-dynamic-async-c1048576-w8-i1
silesia,snapshot,qpl-hardware-dynamic-async,1048576,8,2,2867.466,51,979968000,/home/byrnedan/cloud-hypervisor/benchmark/results/snapshots/qpl-hardware-dynamic-async-c1048576-w8-i2
silesia,snapshot,qpl-hardware-dynamic-async,1048576,8,3,2896.232,49,979963904,/home/byrnedan/cloud-hypervisor/benchmark/results/snapshots/qpl-hardware-dynamic-async-c1048576-w8-i3
silesia,snapshot,qpl-hardware-dynamic-async,1048576,32,1,2937.819,47,979963904,/home/byrnedan/cloud-hypervisor/benchmark/results/snapshots/qpl-hardware-dynamic-async-c1048576-w32-i1
silesia,snapshot,qpl-hardware-dynamic-async,1048576,32,2,2928.202,47,979968000,/home/byrnedan/cloud-hypervisor/benchmark/results/snapshots/qpl-hardware-dynamic-async-c1048576-w32-i2
silesia,snapshot,qpl-hardware-dynamic-async,1048576,32,3,2873.693,48,979963904,/home/byrnedan/cloud-hypervisor/benchmark/results/snapshots/qpl-hardware-dynamic-async-c1048576-w32-i3
silesia,snapshot,qpl-hardware-dynamic-async+cpu,1048576,8,1,2865.277,26,979968000,/home/byrnedan/cloud-hypervisor/benchmark/results/snapshots/qpl-hardware-dynamic-async+cpu-c1048576-w8-i1
silesia,snapshot,qpl-hardware-dynamic-async+cpu,1048576,8,2,2729.988,27,979963904,/home/byrnedan/cloud-hypervisor/benchmark/results/snapshots/qpl-hardware-dynamic-async+cpu-c1048576-w8-i2
silesia,snapshot,qpl-hardware-dynamic-async+cpu,1048576,8,3,2853.165,26,979963904,/home/byrnedan/cloud-hypervisor/benchmark/results/snapshots/qpl-hardware-dynamic-async+cpu-c1048576-w8-i3
silesia,snapshot,qpl-hardware-dynamic-async+cpu,1048576,32,1,2826.147,20,979968000,/home/byrnedan/cloud-hypervisor/benchmark/results/snapshots/qpl-hardware-dynamic-async+cpu-c1048576-w32-i1
silesia,snapshot,qpl-hardware-dynamic-async+cpu,1048576,32,2,2333.753,25,979963904,/home/byrnedan/cloud-hypervisor/benchmark/results/snapshots/qpl-hardware-dynamic-async+cpu-c1048576-w32-i2
silesia,snapshot,qpl-hardware-dynamic-async+cpu,1048576,32,3,2769.454,20,979963904,/home/byrnedan/cloud-hypervisor/benchmark/results/snapshots/qpl-hardware-dynamic-async+cpu-c1048576-w32-i3
silesia,snapshot,qpl-hardware-dynamic-async+dsa,1048576,8,1,2648.147,25,979968000,/home/byrnedan/cloud-hypervisor/benchmark/results/snapshots/qpl-hardware-dynamic-async+dsa-c1048576-w8-i1
silesia,snapshot,qpl-hardware-dynamic-async+dsa,1048576,8,2,2668.216,24,979968000,/home/byrnedan/cloud-hypervisor/benchmark/results/snapshots/qpl-hardware-dynamic-async+dsa-c1048576-w8-i2
silesia,snapshot,qpl-hardware-dynamic-async+dsa,1048576,8,3,2711.385,24,979963904,/home/byrnedan/cloud-hypervisor/benchmark/results/snapshots/qpl-hardware-dynamic-async+dsa-c1048576-w8-i3
silesia,snapshot,qpl-hardware-dynamic-async+dsa,1048576,32,1,2692.390,17,979963904,/home/byrnedan/cloud-hypervisor/benchmark/results/snapshots/qpl-hardware-dynamic-async+dsa-c1048576-w32-i1
silesia,snapshot,qpl-hardware-dynamic-async+dsa,1048576,32,2,2842.488,17,979968000,/home/byrnedan/cloud-hypervisor/benchmark/results/snapshots/qpl-hardware-dynamic-async+dsa-c1048576-w32-i2
silesia,snapshot,qpl-hardware-dynamic-async+dsa,1048576,32,3,2918.577,17,979968000,/home/byrnedan/cloud-hypervisor/benchmark/results/snapshots/qpl-hardware-dynamic-async+dsa-c1048576-w32-i3
silesia,snapshot,qpl-hardware-dynamic-async+dsacrc,1048576,8,1,2914.400,24,980037632,/home/byrnedan/cloud-hypervisor/benchmark/results/snapshots/qpl-hardware-dynamic-async+dsacrc-c1048576-w8-i1
silesia,snapshot,qpl-hardware-dynamic-async+dsacrc,1048576,8,2,2826.900,24,980033536,/home/byrnedan/cloud-hypervisor/benchmark/results/snapshots/qpl-hardware-dynamic-async+dsacrc-c1048576-w8-i2
silesia,snapshot,qpl-hardware-dynamic-async+dsacrc,1048576,8,3,2896.528,23,980033536,/home/byrnedan/cloud-hypervisor/benchmark/results/snapshots/qpl-hardware-dynamic-async+dsacrc-c1048576-w8-i3
silesia,snapshot,qpl-hardware-dynamic-async+dsacrc,1048576,32,1,2547.226,18,980033536,/home/byrnedan/cloud-hypervisor/benchmark/results/snapshots/qpl-hardware-dynamic-async+dsacrc-c1048576-w32-i1
silesia,snapshot,qpl-hardware-dynamic-async+dsacrc,1048576,32,2,2575.715,18,980033536,/home/byrnedan/cloud-hypervisor/benchmark/results/snapshots/qpl-hardware-dynamic-async+dsacrc-c1048576-w32-i2
silesia,snapshot,qpl-hardware-dynamic-async+dsacrc,1048576,32,3,2705.714,17,980033536,/home/byrnedan/cloud-hypervisor/benchmark/results/snapshots/qpl-hardware-dynamic-async+dsacrc-c1048576-w32-i3
silesia,snapshot,qpl-hardware-static-async,1048576,8,1,2963.174,41,1148137472,/home/byrnedan/cloud-hypervisor/benchmark/results/snapshots/qpl-hardware-static-async-c1048576-w8-i1
silesia,snapshot,qpl-hardware-static-async,1048576,8,2,3097.683,40,1148133376,/home/byrnedan/cloud-hypervisor/benchmark/results/snapshots/qpl-hardware-static-async-c1048576-w8-i2
silesia,snapshot,qpl-hardware-static-async,1048576,8,3,3099.506,39,1148133376,/home/byrnedan/cloud-hypervisor/benchmark/results/snapshots/qpl-hardware-static-async-c1048576-w8-i3
silesia,snapshot,qpl-hardware-static-async,1048576,32,1,3282.147,38,1148133376,/home/byrnedan/cloud-hypervisor/benchmark/results/snapshots/qpl-hardware-static-async-c1048576-w32-i1
silesia,snapshot,qpl-hardware-static-async,1048576,32,2,3024.411,41,1148133376,/home/byrnedan/cloud-hypervisor/benchmark/results/snapshots/qpl-hardware-static-async-c1048576-w32-i2
silesia,snapshot,qpl-hardware-static-async,1048576,32,3,3236.653,39,1148133376,/home/byrnedan/cloud-hypervisor/benchmark/results/snapshots/qpl-hardware-static-async-c1048576-w32-i3
silesia,snapshot,qpl-hardware-static-async+cpu,1048576,8,1,3119.185,19,1148137472,/home/byrnedan/cloud-hypervisor/benchmark/results/snapshots/qpl-hardware-static-async+cpu-c1048576-w8-i1
silesia,snapshot,qpl-hardware-static-async+cpu,1048576,8,2,3005.260,21,1148137472,/home/byrnedan/cloud-hypervisor/benchmark/results/snapshots/qpl-hardware-static-async+cpu-c1048576-w8-i2
silesia,snapshot,qpl-hardware-static-async+cpu,1048576,8,3,2915.826,21,1148137472,/home/byrnedan/cloud-hypervisor/benchmark/results/snapshots/qpl-hardware-static-async+cpu-c1048576-w8-i3
silesia,snapshot,qpl-hardware-static-async+cpu,1048576,32,1,2627.072,22,1148133376,/home/byrnedan/cloud-hypervisor/benchmark/results/snapshots/qpl-hardware-static-async+cpu-c1048576-w32-i1
silesia,snapshot,qpl-hardware-static-async+cpu,1048576,32,2,2644.612,23,1148137472,/home/byrnedan/cloud-hypervisor/benchmark/results/snapshots/qpl-hardware-static-async+cpu-c1048576-w32-i2
silesia,snapshot,qpl-hardware-static-async+cpu,1048576,32,3,2712.786,22,1148137472,/home/byrnedan/cloud-hypervisor/benchmark/results/snapshots/qpl-hardware-static-async+cpu-c1048576-w32-i3
silesia,snapshot,qpl-hardware-static-async+dsa,1048576,8,1,2847.941,18,1148133376,/home/byrnedan/cloud-hypervisor/benchmark/results/snapshots/qpl-hardware-static-async+dsa-c1048576-w8-i1
silesia,snapshot,qpl-hardware-static-async+dsa,1048576,8,2,2871.105,18,1148137472,/home/byrnedan/cloud-hypervisor/benchmark/results/snapshots/qpl-hardware-static-async+dsa-c1048576-w8-i2
silesia,snapshot,qpl-hardware-static-async+dsa,1048576,8,3,2898.344,17,1148137472,/home/byrnedan/cloud-hypervisor/benchmark/results/snapshots/qpl-hardware-static-async+dsa-c1048576-w8-i3
silesia,snapshot,qpl-hardware-static-async+dsa,1048576,32,1,2916.141,16,1148133376,/home/byrnedan/cloud-hypervisor/benchmark/results/snapshots/qpl-hardware-static-async+dsa-c1048576-w32-i1
silesia,snapshot,qpl-hardware-static-async+dsa,1048576,32,2,3048.989,17,1148137472,/home/byrnedan/cloud-hypervisor/benchmark/results/snapshots/qpl-hardware-static-async+dsa-c1048576-w32-i2
silesia,snapshot,qpl-hardware-static-async+dsa,1048576,32,3,3115.131,16,1148137472,/home/byrnedan/cloud-hypervisor/benchmark/results/snapshots/qpl-hardware-static-async+dsa-c1048576-w32-i3
silesia,snapshot,qpl-hardware-static-async+dsacrc,1048576,8,1,3255.240,15,1148203008,/home/byrnedan/cloud-hypervisor/benchmark/results/snapshots/qpl-hardware-static-async+dsacrc-c1048576-w8-i1
silesia,snapshot,qpl-hardware-static-async+dsacrc,1048576,8,2,3257.008,16,1148207104,/home/byrnedan/cloud-hypervisor/benchmark/results/snapshots/qpl-hardware-static-async+dsacrc-c1048576-w8-i2
silesia,snapshot,qpl-hardware-static-async+dsacrc,1048576,8,3,2712.335,19,1148203008,/home/byrnedan/cloud-hypervisor/benchmark/results/snapshots/qpl-hardware-static-async+dsacrc-c1048576-w8-i3
silesia,snapshot,qpl-hardware-static-async+dsacrc,1048576,32,1,2608.649,19,1148207104,/home/byrnedan/cloud-hypervisor/benchmark/results/snapshots/qpl-hardware-static-async+dsacrc-c1048576-w32-i1
silesia,snapshot,qpl-hardware-static-async+dsacrc,1048576,32,2,2605.522,20,1148207104,/home/byrnedan/cloud-hypervisor/benchmark/results/snapshots/qpl-hardware-static-async+dsacrc-c1048576-w32-i2
silesia,snapshot,qpl-hardware-static-async+dsacrc,1048576,32,3,2596.685,18,1148207104,/home/byrnedan/cloud-hypervisor/benchmark/results/snapshots/qpl-hardware-static-async+dsacrc-c1048576-w32-i3
silesia,snapshot,raw,0,1,1,6433.615,21,2681610240,/home/byrnedan/cloud-hypervisor/benchmark/results/snapshots/raw-c0-w1-i1
silesia,snapshot,raw,0,1,2,7284.402,27,2681610240,/home/byrnedan/cloud-hypervisor/benchmark/results/snapshots/raw-c0-w1-i2
silesia,snapshot,raw,0,1,3,6650.696,20,2681610240,/home/byrnedan/cloud-hypervisor/benchmark/results/snapshots/raw-c0-w1-i3
silesia,snapshot,zstd,1048576,1,1,11342.359,89,849993728,/home/byrnedan/cloud-hypervisor/benchmark/results/snapshots/zstd-c1048576-w1-i1
silesia,snapshot,zstd,1048576,1,2,11378.347,88,849997824,/home/byrnedan/cloud-hypervisor/benchmark/results/snapshots/zstd-c1048576-w1-i2
silesia,snapshot,zstd,1048576,1,3,11493.908,89,849997824,/home/byrnedan/cloud-hypervisor/benchmark/results/snapshots/zstd-c1048576-w1-i3
