dataset,phase,codec,chunk_size,workers,iteration,elapsed_ms,cpu_util_pct,stored_bytes,snapshot_dir
silesia,snapshot,qpl-hardware-static-async,1048576,8,1,1633.592,77,1153474560,/mnt/nvme/chharness/qpl-hardware-static-async-c1048576-w8-i1
silesia,snapshot,qpl-hardware-static-async,1048576,8,2,1631.195,77,1153474560,/mnt/nvme/chharness/qpl-hardware-static-async-c1048576-w8-i2
silesia,snapshot,qpl-hardware-static-async,1048576,8,3,1623.781,77,1153474560,/mnt/nvme/chharness/qpl-hardware-static-async-c1048576-w8-i3
silesia,snapshot,qpl-hardware-static-async,1048576,8,4,1629.798,77,1153474560,/mnt/nvme/chharness/qpl-hardware-static-async-c1048576-w8-i4
silesia,snapshot,qpl-hardware-static-async,1048576,8,5,1618.444,77,1153474560,/mnt/nvme/chharness/qpl-hardware-static-async-c1048576-w8-i5
silesia,snapshot,qpl-hardware-static-async,1048576,8,6,1621.533,77,1153478656,/mnt/nvme/chharness/qpl-hardware-static-async-c1048576-w8-i6
silesia,snapshot,qpl-hardware-static-async,1048576,8,7,1510.903,76,1153474560,/mnt/nvme/chharness/qpl-hardware-static-async-c1048576-w8-i7
silesia,snapshot,qpl-hardware-static-async,1048576,8,8,1516.391,75,1153474560,/mnt/nvme/chharness/qpl-hardware-static-async-c1048576-w8-i8
silesia,snapshot,qpl-hardware-static-async,1048576,8,9,1507.532,76,1153474560,/mnt/nvme/chharness/qpl-hardware-static-async-c1048576-w8-i9
silesia,snapshot,qpl-hardware-static-async,1048576,8,10,1513.524,75,1153474560,/mnt/nvme/chharness/qpl-hardware-static-async-c1048576-w8-i10
silesia,snapshot,qpl-hardware-static-async,1048576,8,11,1505.052,76,1153474560,/mnt/nvme/chharness/qpl-hardware-static-async-c1048576-w8-i11
silesia,snapshot,qpl-hardware-static-async,1048576,8,12,1519.244,75,1153474560,/mnt/nvme/chharness/qpl-hardware-static-async-c1048576-w8-i12
silesia,snapshot,qpl-hardware-static-async,1048576,8,13,1511.469,76,1153474560,/mnt/nvme/chharness/qpl-hardware-static-async-c1048576-w8-i13
silesia,snapshot,qpl-hardware-static-async,1048576,8,14,1518.032,75,1153474560,/mnt/nvme/chharness/qpl-hardware-static-async-c1048576-w8-i14
silesia,snapshot,qpl-hardware-static-async,1048576,8,15,1506.552,76,1153474560,/mnt/nvme/chharness/qpl-hardware-static-async-c1048576-w8-i15
silesia,snapshot,qpl-hardware-static-async,1048576,8,16,1516.892,75,1153474560,/mnt/nvme/chharness/qpl-hardware-static-async-c1048576-w8-i16
silesia,snapshot,qpl-hardware-static-async,1048576,8,17,1512.436,76,1153474560,/mnt/nvme/chharness/qpl-hardware-static-async-c1048576-w8-i17
silesia,snapshot,qpl-hardware-static-async,1048576,8,18,1515.947,75,1153474560,/mnt/nvme/chharness/qpl-hardware-static-async-c1048576-w8-i18
silesia,snapshot,qpl-hardware-static-async,1048576,8,19,1511.513,76,1153474560,/mnt/nvme/chharness/qpl-hardware-static-async-c1048576-w8-i19
silesia,snapshot,qpl-hardware-static-async,1048576,8,20,1518.761,75,1153474560,/mnt/nvme/chharness/qpl-hardware-static-async-c1048576-w8-i20
silesia,snapshot,qpl-hardware-static-async,1048576,32,1,1552.915,76,1153474560,/mnt/nvme/chharness/qpl-hardware-static-async-c1048576-w32-i1
silesia,snapshot,qpl-hardware-static-async,1048576,32,2,1542.849,76,1153474560,/mnt/nvme/chharness/qpl-hardware-static-async-c1048576-w32-i2
silesia,snapshot,qpl-hardware-static-async,1048576,32,3,1547.998,76,1153474560,/mnt/nvme/chharness/qpl-hardware-static-async-c1048576-w32-i3
silesia,snapshot,qpl-hardware-static-async,1048576,32,4,1540.574,76,1153478656,/mnt/nvme/chharness/qpl-hardware-static-async-c1048576-w32-i4
silesia,snapshot,qpl-hardware-static-async,1048576,32,5,1547.970,76,1153474560,/mnt/nvme/chharness/qpl-hardware-static-async-c1048576-w32-i5
silesia,snapshot,qpl-hardware-static-async,1048576,32,6,1539.580,76,1153474560,/mnt/nvme/chharness/qpl-hardware-static-async-c1048576-w32-i6
silesia,snapshot,qpl-hardware-static-async,1048576,32,7,1541.001,76,1153474560,/mnt/nvme/chharness/qpl-hardware-static-async-c1048576-w32-i7
silesia,snapshot,qpl-hardware-static-async,1048576,32,8,1540.121,76,1153474560,/mnt/nvme/chharness/qpl-hardware-static-async-c1048576-w32-i8
silesia,snapshot,qpl-hardware-static-async,1048576,32,9,1538.705,76,1153474560,/mnt/nvme/chharness/qpl-hardware-static-async-c1048576-w32-i9
silesia,snapshot,qpl-hardware-static-async,1048576,32,10,1541.535,76,1153474560,/mnt/nvme/chharness/qpl-hardware-static-async-c1048576-w32-i10
silesia,snapshot,qpl-hardware-static-async,1048576,32,11,1543.876,76,1153474560,/mnt/nvme/chharness/qpl-hardware-static-async-c1048576-w32-i11
silesia,snapshot,qpl-hardware-static-async,1048576,32,12,1542.332,76,1153474560,/mnt/nvme/chharness/qpl-hardware-static-async-c1048576-w32-i12
silesia,snapshot,qpl-hardware-static-async,1048576,32,13,1548.409,76,1153474560,/mnt/nvme/chharness/qpl-hardware-static-async-c1048576-w32-i13
silesia,snapshot,qpl-hardware-static-async,1048576,32,14,1544.044,76,1153474560,/mnt/nvme/chharness/qpl-hardware-static-async-c1048576-w32-i14
silesia,snapshot,qpl-hardware-static-async,1048576,32,15,1551.338,76,1153474560,/mnt/nvme/chharness/qpl-hardware-static-async-c1048576-w32-i15
silesia,snapshot,qpl-hardware-static-async,1048576,32,16,1538.263,76,1153474560,/mnt/nvme/chharness/qpl-hardware-static-async-c1048576-w32-i16
silesia,snapshot,qpl-hardware-static-async,1048576,32,17,1543.691,76,1153474560,/mnt/nvme/chharness/qpl-hardware-static-async-c1048576-w32-i17
silesia,snapshot,qpl-hardware-static-async,1048576,32,18,1539.274,76,1153474560,/mnt/nvme/chharness/qpl-hardware-static-async-c1048576-w32-i18
silesia,snapshot,qpl-hardware-static-async,1048576,32,19,1539.235,76,1153474560,/mnt/nvme/chharness/qpl-hardware-static-async-c1048576-w32-i19
silesia,snapshot,qpl-hardware-static-async,1048576,32,20,1540.311,76,1153474560,/mnt/nvme/chharness/qpl-hardware-static-async-c1048576-w32-i20
silesia,snapshot,qpl-hardware-static-async+cpu,1048576,8,1,625.518,54,1153478656,/mnt/nvme/chharness/qpl-hardware-static-async+cpu-c1048576-w8-i1
silesia,snapshot,qpl-hardware-static-async+cpu,1048576,8,2,611.405,55,1153478656,/mnt/nvme/chharness/qpl-hardware-static-async+cpu-c1048576-w8-i2
silesia,snapshot,qpl-hardware-static-async+cpu,1048576,8,3,624.256,54,1153478656,/mnt/nvme/chharness/qpl-hardware-static-async+cpu-c1048576-w8-i3
silesia,snapshot,qpl-hardware-static-async+cpu,1048576,8,4,614.294,55,1153478656,/mnt/nvme/chharness/qpl-hardware-static-async+cpu-c1048576-w8-i4
silesia,snapshot,qpl-hardware-static-async+cpu,1048576,8,5,628.636,54,1153478656,/mnt/nvme/chharness/qpl-hardware-static-async+cpu-c1048576-w8-i5
silesia,snapshot,qpl-hardware-static-async+cpu,1048576,8,6,612.045,55,1153478656,/mnt/nvme/chharness/qpl-hardware-static-async+cpu-c1048576-w8-i6
silesia,snapshot,qpl-hardware-static-async+cpu,1048576,8,7,627.640,54,1153478656,/mnt/nvme/chharness/qpl-hardware-static-async+cpu-c1048576-w8-i7
silesia,snapshot,qpl-hardware-static-async+cpu,1048576,8,8,614.791,55,1153478656,/mnt/nvme/chharness/qpl-hardware-static-async+cpu-c1048576-w8-i8
silesia,snapshot,qpl-hardware-static-async+cpu,1048576,8,9,633.079,53,1153478656,/mnt/nvme/chharness/qpl-hardware-static-async+cpu-c1048576-w8-i9
silesia,snapshot,qpl-hardware-static-async+cpu,1048576,8,10,615.347,55,1153478656,/mnt/nvme/chharness/qpl-hardware-static-async+cpu-c1048576-w8-i10
silesia,snapshot,qpl-hardware-static-async+cpu,1048576,8,11,631.375,54,1153478656,/mnt/nvme/chharness/qpl-hardware-static-async+cpu-c1048576-w8-i11
silesia,snapshot,qpl-hardware-static-async+cpu,1048576,8,12,618.459,55,1153478656,/mnt/nvme/chharness/qpl-hardware-static-async+cpu-c1048576-w8-i12
silesia,snapshot,qpl-hardware-static-async+cpu,1048576,8,13,634.461,53,1153478656,/mnt/nvme/chharness/qpl-hardware-static-async+cpu-c1048576-w8-i13
silesia,snapshot,qpl-hardware-static-async+cpu,1048576,8,14,616.851,55,1153478656,/mnt/nvme/chharness/qpl-hardware-static-async+cpu-c1048576-w8-i14
silesia,snapshot,qpl-hardware-static-async+cpu,1048576,8,15,641.892,53,1153478656,/mnt/nvme/chharness/qpl-hardware-static-async+cpu-c1048576-w8-i15
silesia,snapshot,qpl-hardware-static-async+cpu,1048576,8,16,623.173,54,1153478656,/mnt/nvme/chharness/qpl-hardware-static-async+cpu-c1048576-w8-i16
silesia,snapshot,qpl-hardware-static-async+cpu,1048576,8,17,641.397,53,1153478656,/mnt/nvme/chharness/qpl-hardware-static-async+cpu-c1048576-w8-i17
silesia,snapshot,qpl-hardware-static-async+cpu,1048576,8,18,628.712,54,1153478656,/mnt/nvme/chharness/qpl-hardware-static-async+cpu-c1048576-w8-i18
silesia,snapshot,qpl-hardware-static-async+cpu,1048576,8,19,636.415,54,1153478656,/mnt/nvme/chharness/qpl-hardware-static-async+cpu-c1048576-w8-i19
silesia,snapshot,qpl-hardware-static-async+cpu,1048576,8,20,625.011,55,1153478656,/mnt/nvme/chharness/qpl-hardware-static-async+cpu-c1048576-w8-i20
silesia,snapshot,qpl-hardware-static-async+cpu,1048576,32,1,629.721,54,1153478656,/mnt/nvme/chharness/qpl-hardware-static-async+cpu-c1048576-w32-i1
silesia,snapshot,qpl-hardware-static-async+cpu,1048576,32,2,638.977,53,1153478656,/mnt/nvme/chharness/qpl-hardware-static-async+cpu-c1048576-w32-i2
silesia,snapshot,qpl-hardware-static-async+cpu,1048576,32,3,622.919,54,1153478656,/mnt/nvme/chharness/qpl-hardware-static-async+cpu-c1048576-w32-i3
silesia,snapshot,qpl-hardware-static-async+cpu,1048576,32,4,640.226,53,1153478656,/mnt/nvme/chharness/qpl-hardware-static-async+cpu-c1048576-w32-i4
silesia,snapshot,qpl-hardware-static-async+cpu,1048576,32,5,624.888,54,1153478656,/mnt/nvme/chharness/qpl-hardware-static-async+cpu-c1048576-w32-i5
silesia,snapshot,qpl-hardware-static-async+cpu,1048576,32,6,647.969,52,1153478656,/mnt/nvme/chharness/qpl-hardware-static-async+cpu-c1048576-w32-i6
silesia,snapshot,qpl-hardware-static-async+cpu,1048576,32,7,635.038,53,1153478656,/mnt/nvme/chharness/qpl-hardware-static-async+cpu-c1048576-w32-i7
silesia,snapshot,qpl-hardware-static-async+cpu,1048576,32,8,642.423,53,1153478656,/mnt/nvme/chharness/qpl-hardware-static-async+cpu-c1048576-w32-i8
silesia,snapshot,qpl-hardware-static-async+cpu,1048576,32,9,627.868,54,1153478656,/mnt/nvme/chharness/qpl-hardware-static-async+cpu-c1048576-w32-i9
silesia,snapshot,qpl-hardware-static-async+cpu,1048576,32,10,639.727,53,1153478656,/mnt/nvme/chharness/qpl-hardware-static-async+cpu-c1048576-w32-i10
silesia,snapshot,qpl-hardware-static-async+cpu,1048576,32,11,630.908,54,1153478656,/mnt/nvme/chharness/qpl-hardware-static-async+cpu-c1048576-w32-i11
silesia,snapshot,qpl-hardware-static-async+cpu,1048576,32,12,642.091,53,1153478656,/mnt/nvme/chharness/qpl-hardware-static-async+cpu-c1048576-w32-i12
silesia,snapshot,qpl-hardware-static-async+cpu,1048576,32,13,628.841,53,1153478656,/mnt/nvme/chharness/qpl-hardware-static-async+cpu-c1048576-w32-i13
silesia,snapshot,qpl-hardware-static-async+cpu,1048576,32,14,641.882,52,1153478656,/mnt/nvme/chharness/qpl-hardware-static-async+cpu-c1048576-w32-i14
silesia,snapshot,qpl-hardware-static-async+cpu,1048576,32,15,629.164,54,1153478656,/mnt/nvme/chharness/qpl-hardware-static-async+cpu-c1048576-w32-i15
silesia,snapshot,qpl-hardware-static-async+cpu,1048576,32,16,649.146,52,1153478656,/mnt/nvme/chharness/qpl-hardware-static-async+cpu-c1048576-w32-i16
silesia,snapshot,qpl-hardware-static-async+cpu,1048576,32,17,638.001,53,1153478656,/mnt/nvme/chharness/qpl-hardware-static-async+cpu-c1048576-w32-i17
silesia,snapshot,qpl-hardware-static-async+cpu,1048576,32,18,645.677,52,1153478656,/mnt/nvme/chharness/qpl-hardware-static-async+cpu-c1048576-w32-i18
silesia,snapshot,qpl-hardware-static-async+cpu,1048576,32,19,637.869,53,1153478656,/mnt/nvme/chharness/qpl-hardware-static-async+cpu-c1048576-w32-i19
silesia,snapshot,qpl-hardware-static-async+cpu,1048576,32,20,640.245,53,1153478656,/mnt/nvme/chharness/qpl-hardware-static-async+cpu-c1048576-w32-i20
silesia,snapshot,qpl-hardware-static-async+dsa,1048576,8,1,636.269,53,1153478656,/mnt/nvme/chharness/qpl-hardware-static-async+dsa-c1048576-w8-i1
silesia,snapshot,qpl-hardware-static-async+dsa,1048576,8,2,616.808,55,1153474560,/mnt/nvme/chharness/qpl-hardware-static-async+dsa-c1048576-w8-i2
silesia,snapshot,qpl-hardware-static-async+dsa,1048576,8,3,634.089,53,1153474560,/mnt/nvme/chharness/qpl-hardware-static-async+dsa-c1048576-w8-i3
silesia,snapshot,qpl-hardware-static-async+dsa,1048576,8,4,618.414,54,1153474560,/mnt/nvme/chharness/qpl-hardware-static-async+dsa-c1048576-w8-i4
silesia,snapshot,qpl-hardware-static-async+dsa,1048576,8,5,631.395,52,1153478656,/mnt/nvme/chharness/qpl-hardware-static-async+dsa-c1048576-w8-i5
silesia,snapshot,qpl-hardware-static-async+dsa,1048576,8,6,615.248,53,1153478656,/mnt/nvme/chharness/qpl-hardware-static-async+dsa-c1048576-w8-i6
silesia,snapshot,qpl-hardware-static-async+dsa,1048576,8,7,636.517,52,1153478656,/mnt/nvme/chharness/qpl-hardware-static-async+dsa-c1048576-w8-i7
silesia,snapshot,qpl-hardware-static-async+dsa,1048576,8,8,628.084,53,1153478656,/mnt/nvme/chharness/qpl-hardware-static-async+dsa-c1048576-w8-i8
silesia,snapshot,qpl-hardware-static-async+dsa,1048576,8,9,645.501,51,1153478656,/mnt/nvme/chharness/qpl-hardware-static-async+dsa-c1048576-w8-i9
silesia,snapshot,qpl-hardware-static-async+dsa,1048576,8,10,635.782,52,1153478656,/mnt/nvme/chharness/qpl-hardware-static-async+dsa-c1048576-w8-i10
silesia,snapshot,qpl-hardware-static-async+dsa,1048576,8,11,642.113,52,1153478656,/mnt/nvme/chharness/qpl-hardware-static-async+dsa-c1048576-w8-i11
silesia,snapshot,qpl-hardware-static-async+dsa,1048576,8,12,623.102,53,1153478656,/mnt/nvme/chharness/qpl-hardware-static-async+dsa-c1048576-w8-i12
silesia,snapshot,qpl-hardware-static-async+dsa,1048576,8,13,636.677,52,1153478656,/mnt/nvme/chharness/qpl-hardware-static-async+dsa-c1048576-w8-i13
silesia,snapshot,qpl-hardware-static-async+dsa,1048576,8,14,617.122,53,1153478656,/mnt/nvme/chharness/qpl-hardware-static-async+dsa-c1048576-w8-i14
silesia,snapshot,qpl-hardware-static-async+dsa,1048576,8,15,636.256,52,1153478656,/mnt/nvme/chharness/qpl-hardware-static-async+dsa-c1048576-w8-i15
silesia,snapshot,qpl-hardware-static-async+dsa,1048576,8,16,627.361,52,1153478656,/mnt/nvme/chharness/qpl-hardware-static-async+dsa-c1048576-w8-i16
silesia,snapshot,qpl-hardware-static-async+dsa,1048576,8,17,636.012,52,1153478656,/mnt/nvme/chharness/qpl-hardware-static-async+dsa-c1048576-w8-i17
silesia,snapshot,qpl-hardware-static-async+dsa,1048576,8,18,627.089,53,1153478656,/mnt/nvme/chharness/qpl-hardware-static-async+dsa-c1048576-w8-i18
silesia,snapshot,qpl-hardware-static-async+dsa,1048576,8,19,633.799,52,1153478656,/mnt/nvme/chharness/qpl-hardware-static-async+dsa-c1048576-w8-i19
silesia,snapshot,qpl-hardware-static-async+dsa,1048576,8,20,623.099,54,1153478656,/mnt/nvme/chharness/qpl-hardware-static-async+dsa-c1048576-w8-i20
silesia,snapshot,qpl-hardware-static-async+dsa,1048576,32,1,635.814,52,1153478656,/mnt/nvme/chharness/qpl-hardware-static-async+dsa-c1048576-w32-i1
silesia,snapshot,qpl-hardware-static-async+dsa,1048576,32,2,645.598,52,1153478656,/mnt/nvme/chharness/qpl-hardware-static-async+dsa-c1048576-w32-i2
silesia,snapshot,qpl-hardware-static-async+dsa,1048576,32,3,632.957,53,1153474560,/mnt/nvme/chharness/qpl-hardware-static-async+dsa-c1048576-w32-i3
silesia,snapshot,qpl-hardware-static-async+dsa,1048576,32,4,637.738,52,1153478656,/mnt/nvme/chharness/qpl-hardware-static-async+dsa-c1048576-w32-i4
silesia,snapshot,qpl-hardware-static-async+dsa,1048576,32,5,635.583,53,1153478656,/mnt/nvme/chharness/qpl-hardware-static-async+dsa-c1048576-w32-i5
silesia,snapshot,qpl-hardware-static-async+dsa,1048576,32,6,643.404,52,1153478656,/mnt/nvme/chharness/qpl-hardware-static-async+dsa-c1048576-w32-i6
silesia,snapshot,qpl-hardware-static-async+dsa,1048576,32,7,641.206,52,1153478656,/mnt/nvme/chharness/qpl-hardware-static-async+dsa-c1048576-w32-i7
silesia,snapshot,qpl-hardware-static-async+dsa,1048576,32,8,640.439,52,1153478656,/mnt/nvme/chharness/qpl-hardware-static-async+dsa-c1048576-w32-i8
silesia,snapshot,qpl-hardware-static-async+dsa,1048576,32,9,632.758,53,1153478656,/mnt/nvme/chharness/qpl-hardware-static-async+dsa-c1048576-w32-i9
silesia,snapshot,qpl-hardware-static-async+dsa,1048576,32,10,643.952,52,1153478656,/mnt/nvme/chharness/qpl-hardware-static-async+dsa-c1048576-w32-i10
silesia,snapshot,qpl-hardware-static-async+dsa,1048576,32,11,627.559,53,1153478656,/mnt/nvme/chharness/qpl-hardware-static-async+dsa-c1048576-w32-i11
silesia,snapshot,qpl-hardware-static-async+dsa,1048576,32,12,640.879,52,1153478656,/mnt/nvme/chharness/qpl-hardware-static-async+dsa-c1048576-w32-i12
silesia,snapshot,qpl-hardware-static-async+dsa,1048576,32,13,631.612,53,1153478656,/mnt/nvme/chharness/qpl-hardware-static-async+dsa-c1048576-w32-i13
silesia,snapshot,qpl-hardware-static-async+dsa,1048576,32,14,648.061,52,1153478656,/mnt/nvme/chharness/qpl-hardware-static-async+dsa-c1048576-w32-i14
silesia,snapshot,qpl-hardware-static-async+dsa,1048576,32,15,637.173,52,1153478656,/mnt/nvme/chharness/qpl-hardware-static-async+dsa-c1048576-w32-i15
silesia,snapshot,qpl-hardware-static-async+dsa,1048576,32,16,646.866,51,1153478656,/mnt/nvme/chharness/qpl-hardware-static-async+dsa-c1048576-w32-i16
silesia,snapshot,qpl-hardware-static-async+dsa,1048576,32,17,634.936,52,1153478656,/mnt/nvme/chharness/qpl-hardware-static-async+dsa-c1048576-w32-i17
silesia,snapshot,qpl-hardware-static-async+dsa,1048576,32,18,649.866,51,1153478656,/mnt/nvme/chharness/qpl-hardware-static-async+dsa-c1048576-w32-i18
silesia,snapshot,qpl-hardware-static-async+dsa,1048576,32,19,636.415,52,1153478656,/mnt/nvme/chharness/qpl-hardware-static-async+dsa-c1048576-w32-i19
silesia,snapshot,qpl-hardware-static-async+dsa,1048576,32,20,646.180,52,1153478656,/mnt/nvme/chharness/qpl-hardware-static-async+dsa-c1048576-w32-i20
silesia,snapshot,qpl-hardware-static-async+cpucrc,1048576,8,1,1015.410,73,1153548288,/mnt/nvme/chharness/qpl-hardware-static-async+cpucrc-c1048576-w8-i1
silesia,snapshot,qpl-hardware-static-async+cpucrc,1048576,8,2,1010.851,73,1153548288,/mnt/nvme/chharness/qpl-hardware-static-async+cpucrc-c1048576-w8-i2
silesia,snapshot,qpl-hardware-static-async+cpucrc,1048576,8,3,1010.196,73,1153548288,/mnt/nvme/chharness/qpl-hardware-static-async+cpucrc-c1048576-w8-i3
silesia,snapshot,qpl-hardware-static-async+cpucrc,1048576,8,4,1005.004,73,1153548288,/mnt/nvme/chharness/qpl-hardware-static-async+cpucrc-c1048576-w8-i4
silesia,snapshot,qpl-hardware-static-async+cpucrc,1048576,8,5,1008.982,73,1153548288,/mnt/nvme/chharness/qpl-hardware-static-async+cpucrc-c1048576-w8-i5
silesia,snapshot,qpl-hardware-static-async+cpucrc,1048576,8,6,1014.661,73,1153548288,/mnt/nvme/chharness/qpl-hardware-static-async+cpucrc-c1048576-w8-i6
silesia,snapshot,qpl-hardware-static-async+cpucrc,1048576,8,7,1013.541,73,1153548288,/mnt/nvme/chharness/qpl-hardware-static-async+cpucrc-c1048576-w8-i7
silesia,snapshot,qpl-hardware-static-async+cpucrc,1048576,8,8,1010.679,73,1153548288,/mnt/nvme/chharness/qpl-hardware-static-async+cpucrc-c1048576-w8-i8
silesia,snapshot,qpl-hardware-static-async+cpucrc,1048576,8,9,1013.065,73,1153548288,/mnt/nvme/chharness/qpl-hardware-static-async+cpucrc-c1048576-w8-i9
silesia,snapshot,qpl-hardware-static-async+cpucrc,1048576,8,10,1016.638,72,1153548288,/mnt/nvme/chharness/qpl-hardware-static-async+cpucrc-c1048576-w8-i10
silesia,snapshot,qpl-hardware-static-async+cpucrc,1048576,8,11,1014.918,73,1153548288,/mnt/nvme/chharness/qpl-hardware-static-async+cpucrc-c1048576-w8-i11
silesia,snapshot,qpl-hardware-static-async+cpucrc,1048576,8,12,954.023,76,1153548288,/mnt/nvme/chharness/qpl-hardware-static-async+cpucrc-c1048576-w8-i12
silesia,snapshot,qpl-hardware-static-async+cpucrc,1048576,8,13,969.054,75,1153548288,/mnt/nvme/chharness/qpl-hardware-static-async+cpucrc-c1048576-w8-i13
silesia,snapshot,qpl-hardware-static-async+cpucrc,1048576,8,14,1007.892,73,1153548288,/mnt/nvme/chharness/qpl-hardware-static-async+cpucrc-c1048576-w8-i14
silesia,snapshot,qpl-hardware-static-async+cpucrc,1048576,8,15,1013.694,72,1153548288,/mnt/nvme/chharness/qpl-hardware-static-async+cpucrc-c1048576-w8-i15
silesia,snapshot,qpl-hardware-static-async+cpucrc,1048576,8,16,964.713,76,1153548288,/mnt/nvme/chharness/qpl-hardware-static-async+cpucrc-c1048576-w8-i16
silesia,snapshot,qpl-hardware-static-async+cpucrc,1048576,8,17,1019.481,72,1153548288,/mnt/nvme/chharness/qpl-hardware-static-async+cpucrc-c1048576-w8-i17
silesia,snapshot,qpl-hardware-static-async+cpucrc,1048576,8,18,1010.843,73,1153548288,/mnt/nvme/chharness/qpl-hardware-static-async+cpucrc-c1048576-w8-i18
silesia,snapshot,qpl-hardware-static-async+cpucrc,1048576,8,19,970.732,75,1153548288,/mnt/nvme/chharness/qpl-hardware-static-async+cpucrc-c1048576-w8-i19
silesia,snapshot,qpl-hardware-static-async+cpucrc,1048576,8,20,1018.429,73,1153548288,/mnt/nvme/chharness/qpl-hardware-static-async+cpucrc-c1048576-w8-i20
silesia,snapshot,qpl-hardware-static-async+cpucrc,1048576,32,1,1020.562,73,1153548288,/mnt/nvme/chharness/qpl-hardware-static-async+cpucrc-c1048576-w32-i1
silesia,snapshot,qpl-hardware-static-async+cpucrc,1048576,32,2,1023.585,72,1153548288,/mnt/nvme/chharness/qpl-hardware-static-async+cpucrc-c1048576-w32-i2
silesia,snapshot,qpl-hardware-static-async+cpucrc,1048576,32,3,1020.011,73,1153548288,/mnt/nvme/chharness/qpl-hardware-static-async+cpucrc-c1048576-w32-i3
silesia,snapshot,qpl-hardware-static-async+cpucrc,1048576,32,4,1030.784,73,1153548288,/mnt/nvme/chharness/qpl-hardware-static-async+cpucrc-c1048576-w32-i4
silesia,snapshot,qpl-hardware-static-async+cpucrc,1048576,32,5,1014.303,73,1153548288,/mnt/nvme/chharness/qpl-hardware-static-async+cpucrc-c1048576-w32-i5
silesia,snapshot,qpl-hardware-static-async+cpucrc,1048576,32,6,1021.574,72,1153548288,/mnt/nvme/chharness/qpl-hardware-static-async+cpucrc-c1048576-w32-i6
silesia,snapshot,qpl-hardware-static-async+cpucrc,1048576,32,7,1014.544,73,1153548288,/mnt/nvme/chharness/qpl-hardware-static-async+cpucrc-c1048576-w32-i7
silesia,snapshot,qpl-hardware-static-async+cpucrc,1048576,32,8,1030.266,72,1153548288,/mnt/nvme/chharness/qpl-hardware-static-async+cpucrc-c1048576-w32-i8
silesia,snapshot,qpl-hardware-static-async+cpucrc,1048576,32,9,1016.653,73,1153548288,/mnt/nvme/chharness/qpl-hardware-static-async+cpucrc-c1048576-w32-i9
silesia,snapshot,qpl-hardware-static-async+cpucrc,1048576,32,10,1031.441,72,1153548288,/mnt/nvme/chharness/qpl-hardware-static-async+cpucrc-c1048576-w32-i10
silesia,snapshot,qpl-hardware-static-async+cpucrc,1048576,32,11,1020.483,72,1153548288,/mnt/nvme/chharness/qpl-hardware-static-async+cpucrc-c1048576-w32-i11
silesia,snapshot,qpl-hardware-static-async+cpucrc,1048576,32,12,1033.956,72,1153548288,/mnt/nvme/chharness/qpl-hardware-static-async+cpucrc-c1048576-w32-i12
silesia,snapshot,qpl-hardware-static-async+cpucrc,1048576,32,13,1022.186,73,1153548288,/mnt/nvme/chharness/qpl-hardware-static-async+cpucrc-c1048576-w32-i13
silesia,snapshot,qpl-hardware-static-async+cpucrc,1048576,32,14,1037.238,72,1153548288,/mnt/nvme/chharness/qpl-hardware-static-async+cpucrc-c1048576-w32-i14
silesia,snapshot,qpl-hardware-static-async+cpucrc,1048576,32,15,1023.446,72,1153548288,/mnt/nvme/chharness/qpl-hardware-static-async+cpucrc-c1048576-w32-i15
silesia,snapshot,qpl-hardware-static-async+cpucrc,1048576,32,16,1035.208,72,1153548288,/mnt/nvme/chharness/qpl-hardware-static-async+cpucrc-c1048576-w32-i16
silesia,snapshot,qpl-hardware-static-async+cpucrc,1048576,32,17,1016.882,73,1153548288,/mnt/nvme/chharness/qpl-hardware-static-async+cpucrc-c1048576-w32-i17
silesia,snapshot,qpl-hardware-static-async+cpucrc,1048576,32,18,1035.682,72,1153548288,/mnt/nvme/chharness/qpl-hardware-static-async+cpucrc-c1048576-w32-i18
silesia,snapshot,qpl-hardware-static-async+cpucrc,1048576,32,19,1025.740,72,1153548288,/mnt/nvme/chharness/qpl-hardware-static-async+cpucrc-c1048576-w32-i19
silesia,snapshot,qpl-hardware-static-async+cpucrc,1048576,32,20,1033.284,72,1153548288,/mnt/nvme/chharness/qpl-hardware-static-async+cpucrc-c1048576-w32-i20
silesia,snapshot,qpl-hardware-static-async+dsacrc,1048576,8,1,629.260,53,1153548288,/mnt/nvme/chharness/qpl-hardware-static-async+dsacrc-c1048576-w8-i1
silesia,snapshot,qpl-hardware-static-async+dsacrc,1048576,8,2,623.599,54,1153548288,/mnt/nvme/chharness/qpl-hardware-static-async+dsacrc-c1048576-w8-i2
silesia,snapshot,qpl-hardware-static-async+dsacrc,1048576,8,3,636.114,53,1153544192,/mnt/nvme/chharness/qpl-hardware-static-async+dsacrc-c1048576-w8-i3
silesia,snapshot,qpl-hardware-static-async+dsacrc,1048576,8,4,634.397,53,1153548288,/mnt/nvme/chharness/qpl-hardware-static-async+dsacrc-c1048576-w8-i4
silesia,snapshot,qpl-hardware-static-async+dsacrc,1048576,8,5,635.706,53,1153548288,/mnt/nvme/chharness/qpl-hardware-static-async+dsacrc-c1048576-w8-i5
silesia,snapshot,qpl-hardware-static-async+dsacrc,1048576,8,6,619.784,54,1153548288,/mnt/nvme/chharness/qpl-hardware-static-async+dsacrc-c1048576-w8-i6
silesia,snapshot,qpl-hardware-static-async+dsacrc,1048576,8,7,632.532,53,1153548288,/mnt/nvme/chharness/qpl-hardware-static-async+dsacrc-c1048576-w8-i7
silesia,snapshot,qpl-hardware-static-async+dsacrc,1048576,8,8,620.671,54,1153548288,/mnt/nvme/chharness/qpl-hardware-static-async+dsacrc-c1048576-w8-i8
silesia,snapshot,qpl-hardware-static-async+dsacrc,1048576,8,9,628.912,53,1153548288,/mnt/nvme/chharness/qpl-hardware-static-async+dsacrc-c1048576-w8-i9
silesia,snapshot,qpl-hardware-static-async+dsacrc,1048576,8,10,627.819,53,1153548288,/mnt/nvme/chharness/qpl-hardware-static-async+dsacrc-c1048576-w8-i10
silesia,snapshot,qpl-hardware-static-async+dsacrc,1048576,8,11,627.697,53,1153548288,/mnt/nvme/chharness/qpl-hardware-static-async+dsacrc-c1048576-w8-i11
silesia,snapshot,qpl-hardware-static-async+dsacrc,1048576,8,12,626.121,53,1153548288,/mnt/nvme/chharness/qpl-hardware-static-async+dsacrc-c1048576-w8-i12
silesia,snapshot,qpl-hardware-static-async+dsacrc,1048576,8,13,631.752,52,1153548288,/mnt/nvme/chharness/qpl-hardware-static-async+dsacrc-c1048576-w8-i13
silesia,snapshot,qpl-hardware-static-async+dsacrc,1048576,8,14,630.810,53,1153548288,/mnt/nvme/chharness/qpl-hardware-static-async+dsacrc-c1048576-w8-i14
silesia,snapshot,qpl-hardware-static-async+dsacrc,1048576,8,15,631.336,53,1153548288,/mnt/nvme/chharness/qpl-hardware-static-async+dsacrc-c1048576-w8-i15
silesia,snapshot,qpl-hardware-static-async+dsacrc,1048576,8,16,623.042,53,1153548288,/mnt/nvme/chharness/qpl-hardware-static-async+dsacrc-c1048576-w8-i16
silesia,snapshot,qpl-hardware-static-async+dsacrc,1048576,8,17,632.842,53,1153548288,/mnt/nvme/chharness/qpl-hardware-static-async+dsacrc-c1048576-w8-i17
silesia,snapshot,qpl-hardware-static-async+dsacrc,1048576,8,18,626.465,53,1153548288,/mnt/nvme/chharness/qpl-hardware-static-async+dsacrc-c1048576-w8-i18
silesia,snapshot,qpl-hardware-static-async+dsacrc,1048576,8,19,636.483,52,1153548288,/mnt/nvme/chharness/qpl-hardware-static-async+dsacrc-c1048576-w8-i19
silesia,snapshot,qpl-hardware-static-async+dsacrc,1048576,8,20,628.361,53,1153548288,/mnt/nvme/chharness/qpl-hardware-static-async+dsacrc-c1048576-w8-i20
silesia,snapshot,qpl-hardware-static-async+dsacrc,1048576,32,1,637.630,53,1153548288,/mnt/nvme/chharness/qpl-hardware-static-async+dsacrc-c1048576-w32-i1
silesia,snapshot,qpl-hardware-static-async+dsacrc,1048576,32,2,640.765,53,1153548288,/mnt/nvme/chharness/qpl-hardware-static-async+dsacrc-c1048576-w32-i2
silesia,snapshot,qpl-hardware-static-async+dsacrc,1048576,32,3,642.050,53,1153544192,/mnt/nvme/chharness/qpl-hardware-static-async+dsacrc-c1048576-w32-i3
silesia,snapshot,qpl-hardware-static-async+dsacrc,1048576,32,4,641.209,53,1153548288,/mnt/nvme/chharness/qpl-hardware-static-async+dsacrc-c1048576-w32-i4
silesia,snapshot,qpl-hardware-static-async+dsacrc,1048576,32,5,638.311,53,1153548288,/mnt/nvme/chharness/qpl-hardware-static-async+dsacrc-c1048576-w32-i5
silesia,snapshot,qpl-hardware-static-async+dsacrc,1048576,32,6,639.619,53,1153548288,/mnt/nvme/chharness/qpl-hardware-static-async+dsacrc-c1048576-w32-i6
silesia,snapshot,qpl-hardware-static-async+dsacrc,1048576,32,7,633.656,52,1153548288,/mnt/nvme/chharness/qpl-hardware-static-async+dsacrc-c1048576-w32-i7
silesia,snapshot,qpl-hardware-static-async+dsacrc,1048576,32,8,633.000,53,1153548288,/mnt/nvme/chharness/qpl-hardware-static-async+dsacrc-c1048576-w32-i8
silesia,snapshot,qpl-hardware-static-async+dsacrc,1048576,32,9,634.961,53,1153548288,/mnt/nvme/chharness/qpl-hardware-static-async+dsacrc-c1048576-w32-i9
silesia,snapshot,qpl-hardware-static-async+dsacrc,1048576,32,10,631.711,53,1153548288,/mnt/nvme/chharness/qpl-hardware-static-async+dsacrc-c1048576-w32-i10
silesia,snapshot,qpl-hardware-static-async+dsacrc,1048576,32,11,636.260,52,1153548288,/mnt/nvme/chharness/qpl-hardware-static-async+dsacrc-c1048576-w32-i11
silesia,snapshot,qpl-hardware-static-async+dsacrc,1048576,32,12,629.204,53,1153548288,/mnt/nvme/chharness/qpl-hardware-static-async+dsacrc-c1048576-w32-i12
silesia,snapshot,qpl-hardware-static-async+dsacrc,1048576,32,13,637.554,52,1153548288,/mnt/nvme/chharness/qpl-hardware-static-async+dsacrc-c1048576-w32-i13
silesia,snapshot,qpl-hardware-static-async+dsacrc,1048576,32,14,630.840,54,1153548288,/mnt/nvme/chharness/qpl-hardware-static-async+dsacrc-c1048576-w32-i14
silesia,snapshot,qpl-hardware-static-async+dsacrc,1048576,32,15,646.079,52,1153548288,/mnt/nvme/chharness/qpl-hardware-static-async+dsacrc-c1048576-w32-i15
silesia,snapshot,qpl-hardware-static-async+dsacrc,1048576,32,16,630.925,53,1153548288,/mnt/nvme/chharness/qpl-hardware-static-async+dsacrc-c1048576-w32-i16
silesia,snapshot,qpl-hardware-static-async+dsacrc,1048576,32,17,648.081,52,1153548288,/mnt/nvme/chharness/qpl-hardware-static-async+dsacrc-c1048576-w32-i17
silesia,snapshot,qpl-hardware-static-async+dsacrc,1048576,32,18,632.943,54,1153548288,/mnt/nvme/chharness/qpl-hardware-static-async+dsacrc-c1048576-w32-i18
silesia,snapshot,qpl-hardware-static-async+dsacrc,1048576,32,19,654.631,52,1153548288,/mnt/nvme/chharness/qpl-hardware-static-async+dsacrc-c1048576-w32-i19
silesia,snapshot,qpl-hardware-static-async+dsacrc,1048576,32,20,641.438,53,1153548288,/mnt/nvme/chharness/qpl-hardware-static-async+dsacrc-c1048576-w32-i20
silesia,snapshot,qpl-hardware-dynamic-async,1048576,8,1,1517.134,78,983425024,/mnt/nvme/chharness/qpl-hardware-dynamic-async-c1048576-w8-i1
silesia,snapshot,qpl-hardware-dynamic-async,1048576,8,2,1527.920,78,983425024,/mnt/nvme/chharness/qpl-hardware-dynamic-async-c1048576-w8-i2
silesia,snapshot,qpl-hardware-dynamic-async,1048576,8,3,1523.191,78,983425024,/mnt/nvme/chharness/qpl-hardware-dynamic-async-c1048576-w8-i3
silesia,snapshot,qpl-hardware-dynamic-async,1048576,8,4,1531.577,78,983425024,/mnt/nvme/chharness/qpl-hardware-dynamic-async-c1048576-w8-i4
silesia,snapshot,qpl-hardware-dynamic-async,1048576,8,5,1514.305,78,983425024,/mnt/nvme/chharness/qpl-hardware-dynamic-async-c1048576-w8-i5
silesia,snapshot,qpl-hardware-dynamic-async,1048576,8,6,1509.938,78,983425024,/mnt/nvme/chharness/qpl-hardware-dynamic-async-c1048576-w8-i6
silesia,snapshot,qpl-hardware-dynamic-async,1048576,8,7,1514.628,78,983425024,/mnt/nvme/chharness/qpl-hardware-dynamic-async-c1048576-w8-i7
silesia,snapshot,qpl-hardware-dynamic-async,1048576,8,8,1523.535,78,983425024,/mnt/nvme/chharness/qpl-hardware-dynamic-async-c1048576-w8-i8
silesia,snapshot,qpl-hardware-dynamic-async,1048576,8,9,1533.295,78,983425024,/mnt/nvme/chharness/qpl-hardware-dynamic-async-c1048576-w8-i9
silesia,snapshot,qpl-hardware-dynamic-async,1048576,8,10,1512.872,78,983425024,/mnt/nvme/chharness/qpl-hardware-dynamic-async-c1048576-w8-i10
silesia,snapshot,qpl-hardware-dynamic-async,1048576,8,11,1524.995,78,983425024,/mnt/nvme/chharness/qpl-hardware-dynamic-async-c1048576-w8-i11
silesia,snapshot,qpl-hardware-dynamic-async,1048576,8,12,1525.821,79,983425024,/mnt/nvme/chharness/qpl-hardware-dynamic-async-c1048576-w8-i12
silesia,snapshot,qpl-hardware-dynamic-async,1048576,8,13,1521.765,79,983425024,/mnt/nvme/chharness/qpl-hardware-dynamic-async-c1048576-w8-i13
silesia,snapshot,qpl-hardware-dynamic-async,1048576,8,14,1520.296,78,983425024,/mnt/nvme/chharness/qpl-hardware-dynamic-async-c1048576-w8-i14
silesia,snapshot,qpl-hardware-dynamic-async,1048576,8,15,1517.743,78,983425024,/mnt/nvme/chharness/qpl-hardware-dynamic-async-c1048576-w8-i15
silesia,snapshot,qpl-hardware-dynamic-async,1048576,8,16,1533.729,78,983425024,/mnt/nvme/chharness/qpl-hardware-dynamic-async-c1048576-w8-i16
silesia,snapshot,qpl-hardware-dynamic-async,1048576,8,17,1524.655,79,983425024,/mnt/nvme/chharness/qpl-hardware-dynamic-async-c1048576-w8-i17
silesia,snapshot,qpl-hardware-dynamic-async,1048576,8,18,1522.915,78,983425024,/mnt/nvme/chharness/qpl-hardware-dynamic-async-c1048576-w8-i18
silesia,snapshot,qpl-hardware-dynamic-async,1048576,8,19,1520.331,78,983425024,/mnt/nvme/chharness/qpl-hardware-dynamic-async-c1048576-w8-i19
silesia,snapshot,qpl-hardware-dynamic-async,1048576,8,20,1518.836,78,983425024,/mnt/nvme/chharness/qpl-hardware-dynamic-async-c1048576-w8-i20
silesia,snapshot,qpl-hardware-dynamic-async,1048576,32,1,1471.082,78,983425024,/mnt/nvme/chharness/qpl-hardware-dynamic-async-c1048576-w32-i1
silesia,snapshot,qpl-hardware-dynamic-async,1048576,32,2,1539.677,78,983425024,/mnt/nvme/chharness/qpl-hardware-dynamic-async-c1048576-w32-i2
silesia,snapshot,qpl-hardware-dynamic-async,1048576,32,3,1465.217,78,983425024,/mnt/nvme/chharness/qpl-hardware-dynamic-async-c1048576-w32-i3
silesia,snapshot,qpl-hardware-dynamic-async,1048576,32,4,1462.391,78,983425024,/mnt/nvme/chharness/qpl-hardware-dynamic-async-c1048576-w32-i4
silesia,snapshot,qpl-hardware-dynamic-async,1048576,32,5,1469.292,77,983425024,/mnt/nvme/chharness/qpl-hardware-dynamic-async-c1048576-w32-i5
silesia,snapshot,qpl-hardware-dynamic-async,1048576,32,6,1468.906,77,983425024,/mnt/nvme/chharness/qpl-hardware-dynamic-async-c1048576-w32-i6
silesia,snapshot,qpl-hardware-dynamic-async,1048576,32,7,1470.261,77,983425024,/mnt/nvme/chharness/qpl-hardware-dynamic-async-c1048576-w32-i7
silesia,snapshot,qpl-hardware-dynamic-async,1048576,32,8,1467.096,78,983425024,/mnt/nvme/chharness/qpl-hardware-dynamic-async-c1048576-w32-i8
silesia,snapshot,qpl-hardware-dynamic-async,1048576,32,9,1481.751,77,983425024,/mnt/nvme/chharness/qpl-hardware-dynamic-async-c1048576-w32-i9
silesia,snapshot,qpl-hardware-dynamic-async,1048576,32,10,1467.959,78,983425024,/mnt/nvme/chharness/qpl-hardware-dynamic-async-c1048576-w32-i10
silesia,snapshot,qpl-hardware-dynamic-async,1048576,32,11,1466.294,78,983425024,/mnt/nvme/chharness/qpl-hardware-dynamic-async-c1048576-w32-i11
silesia,snapshot,qpl-hardware-dynamic-async,1048576,32,12,1469.735,77,983425024,/mnt/nvme/chharness/qpl-hardware-dynamic-async-c1048576-w32-i12
silesia,snapshot,qpl-hardware-dynamic-async,1048576,32,13,1468.347,78,983425024,/mnt/nvme/chharness/qpl-hardware-dynamic-async-c1048576-w32-i13
silesia,snapshot,qpl-hardware-dynamic-async,1048576,32,14,1484.592,77,983425024,/mnt/nvme/chharness/qpl-hardware-dynamic-async-c1048576-w32-i14
silesia,snapshot,qpl-hardware-dynamic-async,1048576,32,15,1469.967,78,983425024,/mnt/nvme/chharness/qpl-hardware-dynamic-async-c1048576-w32-i15
silesia,snapshot,qpl-hardware-dynamic-async,1048576,32,16,1477.459,77,983425024,/mnt/nvme/chharness/qpl-hardware-dynamic-async-c1048576-w32-i16
silesia,snapshot,qpl-hardware-dynamic-async,1048576,32,17,1469.538,78,983425024,/mnt/nvme/chharness/qpl-hardware-dynamic-async-c1048576-w32-i17
silesia,snapshot,qpl-hardware-dynamic-async,1048576,32,18,1463.702,78,983425024,/mnt/nvme/chharness/qpl-hardware-dynamic-async-c1048576-w32-i18
silesia,snapshot,qpl-hardware-dynamic-async,1048576,32,19,1468.406,77,983425024,/mnt/nvme/chharness/qpl-hardware-dynamic-async-c1048576-w32-i19
silesia,snapshot,qpl-hardware-dynamic-async,1048576,32,20,1469.307,78,983425024,/mnt/nvme/chharness/qpl-hardware-dynamic-async-c1048576-w32-i20
silesia,snapshot,qpl-hardware-dynamic-async+cpu,1048576,8,1,585.946,79,983429120,/mnt/nvme/chharness/qpl-hardware-dynamic-async+cpu-c1048576-w8-i1
silesia,snapshot,qpl-hardware-dynamic-async+cpu,1048576,8,2,589.647,79,983425024,/mnt/nvme/chharness/qpl-hardware-dynamic-async+cpu-c1048576-w8-i2
silesia,snapshot,qpl-hardware-dynamic-async+cpu,1048576,8,3,572.541,80,983425024,/mnt/nvme/chharness/qpl-hardware-dynamic-async+cpu-c1048576-w8-i3
silesia,snapshot,qpl-hardware-dynamic-async+cpu,1048576,8,4,570.154,81,983425024,/mnt/nvme/chharness/qpl-hardware-dynamic-async+cpu-c1048576-w8-i4
silesia,snapshot,qpl-hardware-dynamic-async+cpu,1048576,8,5,568.698,81,983425024,/mnt/nvme/chharness/qpl-hardware-dynamic-async+cpu-c1048576-w8-i5
silesia,snapshot,qpl-hardware-dynamic-async+cpu,1048576,8,6,566.212,80,983425024,/mnt/nvme/chharness/qpl-hardware-dynamic-async+cpu-c1048576-w8-i6
silesia,snapshot,qpl-hardware-dynamic-async+cpu,1048576,8,7,591.422,78,983429120,/mnt/nvme/chharness/qpl-hardware-dynamic-async+cpu-c1048576-w8-i7
silesia,snapshot,qpl-hardware-dynamic-async+cpu,1048576,8,8,568.394,80,983425024,/mnt/nvme/chharness/qpl-hardware-dynamic-async+cpu-c1048576-w8-i8
silesia,snapshot,qpl-hardware-dynamic-async+cpu,1048576,8,9,569.226,80,983425024,/mnt/nvme/chharness/qpl-hardware-dynamic-async+cpu-c1048576-w8-i9
silesia,snapshot,qpl-hardware-dynamic-async+cpu,1048576,8,10,584.250,78,983425024,/mnt/nvme/chharness/qpl-hardware-dynamic-async+cpu-c1048576-w8-i10
silesia,snapshot,qpl-hardware-dynamic-async+cpu,1048576,8,11,581.853,79,983425024,/mnt/nvme/chharness/qpl-hardware-dynamic-async+cpu-c1048576-w8-i11
silesia,snapshot,qpl-hardware-dynamic-async+cpu,1048576,8,12,600.122,77,983425024,/mnt/nvme/chharness/qpl-hardware-dynamic-async+cpu-c1048576-w8-i12
silesia,snapshot,qpl-hardware-dynamic-async+cpu,1048576,8,13,586.167,79,983425024,/mnt/nvme/chharness/qpl-hardware-dynamic-async+cpu-c1048576-w8-i13
silesia,snapshot,qpl-hardware-dynamic-async+cpu,1048576,8,14,579.891,79,983425024,/mnt/nvme/chharness/qpl-hardware-dynamic-async+cpu-c1048576-w8-i14
silesia,snapshot,qpl-hardware-dynamic-async+cpu,1048576,8,15,569.045,80,983425024,/mnt/nvme/chharness/qpl-hardware-dynamic-async+cpu-c1048576-w8-i15
silesia,snapshot,qpl-hardware-dynamic-async+cpu,1048576,8,16,572.658,80,983425024,/mnt/nvme/chharness/qpl-hardware-dynamic-async+cpu-c1048576-w8-i16
silesia,snapshot,qpl-hardware-dynamic-async+cpu,1048576,8,17,572.621,80,983425024,/mnt/nvme/chharness/qpl-hardware-dynamic-async+cpu-c1048576-w8-i17
silesia,snapshot,qpl-hardware-dynamic-async+cpu,1048576,8,18,573.097,80,983425024,/mnt/nvme/chharness/qpl-hardware-dynamic-async+cpu-c1048576-w8-i18
silesia,snapshot,qpl-hardware-dynamic-async+cpu,1048576,8,19,573.438,80,983425024,/mnt/nvme/chharness/qpl-hardware-dynamic-async+cpu-c1048576-w8-i19
silesia,snapshot,qpl-hardware-dynamic-async+cpu,1048576,8,20,572.574,80,983425024,/mnt/nvme/chharness/qpl-hardware-dynamic-async+cpu-c1048576-w8-i20
silesia,snapshot,qpl-hardware-dynamic-async+cpu,1048576,32,1,575.762,61,983425024,/mnt/nvme/chharness/qpl-hardware-dynamic-async+cpu-c1048576-w32-i1
silesia,snapshot,qpl-hardware-dynamic-async+cpu,1048576,32,2,570.647,60,983425024,/mnt/nvme/chharness/qpl-hardware-dynamic-async+cpu-c1048576-w32-i2
silesia,snapshot,qpl-hardware-dynamic-async+cpu,1048576,32,3,582.458,58,983425024,/mnt/nvme/chharness/qpl-hardware-dynamic-async+cpu-c1048576-w32-i3
silesia,snapshot,qpl-hardware-dynamic-async+cpu,1048576,32,4,566.353,61,983429120,/mnt/nvme/chharness/qpl-hardware-dynamic-async+cpu-c1048576-w32-i4
silesia,snapshot,qpl-hardware-dynamic-async+cpu,1048576,32,5,572.649,60,983429120,/mnt/nvme/chharness/qpl-hardware-dynamic-async+cpu-c1048576-w32-i5
silesia,snapshot,qpl-hardware-dynamic-async+cpu,1048576,32,6,565.146,58,983425024,/mnt/nvme/chharness/qpl-hardware-dynamic-async+cpu-c1048576-w32-i6
silesia,snapshot,qpl-hardware-dynamic-async+cpu,1048576,32,7,571.699,58,983425024,/mnt/nvme/chharness/qpl-hardware-dynamic-async+cpu-c1048576-w32-i7
silesia,snapshot,qpl-hardware-dynamic-async+cpu,1048576,32,8,573.161,59,983425024,/mnt/nvme/chharness/qpl-hardware-dynamic-async+cpu-c1048576-w32-i8
silesia,snapshot,qpl-hardware-dynamic-async+cpu,1048576,32,9,563.785,61,983425024,/mnt/nvme/chharness/qpl-hardware-dynamic-async+cpu-c1048576-w32-i9
silesia,snapshot,qpl-hardware-dynamic-async+cpu,1048576,32,10,579.292,58,983425024,/mnt/nvme/chharness/qpl-hardware-dynamic-async+cpu-c1048576-w32-i10
silesia,snapshot,qpl-hardware-dynamic-async+cpu,1048576,32,11,566.358,61,983425024,/mnt/nvme/chharness/qpl-hardware-dynamic-async+cpu-c1048576-w32-i11
silesia,snapshot,qpl-hardware-dynamic-async+cpu,1048576,32,12,572.875,61,983425024,/mnt/nvme/chharness/qpl-hardware-dynamic-async+cpu-c1048576-w32-i12
silesia,snapshot,qpl-hardware-dynamic-async+cpu,1048576,32,13,570.239,60,983425024,/mnt/nvme/chharness/qpl-hardware-dynamic-async+cpu-c1048576-w32-i13
silesia,snapshot,qpl-hardware-dynamic-async+cpu,1048576,32,14,563.740,61,983425024,/mnt/nvme/chharness/qpl-hardware-dynamic-async+cpu-c1048576-w32-i14
silesia,snapshot,qpl-hardware-dynamic-async+cpu,1048576,32,15,582.793,57,983425024,/mnt/nvme/chharness/qpl-hardware-dynamic-async+cpu-c1048576-w32-i15
silesia,snapshot,qpl-hardware-dynamic-async+cpu,1048576,32,16,568.375,61,983425024,/mnt/nvme/chharness/qpl-hardware-dynamic-async+cpu-c1048576-w32-i16
silesia,snapshot,qpl-hardware-dynamic-async+cpu,1048576,32,17,574.589,61,983429120,/mnt/nvme/chharness/qpl-hardware-dynamic-async+cpu-c1048576-w32-i17
silesia,snapshot,qpl-hardware-dynamic-async+cpu,1048576,32,18,570.396,58,983425024,/mnt/nvme/chharness/qpl-hardware-dynamic-async+cpu-c1048576-w32-i18
silesia,snapshot,qpl-hardware-dynamic-async+cpu,1048576,32,19,574.243,58,983425024,/mnt/nvme/chharness/qpl-hardware-dynamic-async+cpu-c1048576-w32-i19
silesia,snapshot,qpl-hardware-dynamic-async+cpu,1048576,32,20,581.178,57,983425024,/mnt/nvme/chharness/qpl-hardware-dynamic-async+cpu-c1048576-w32-i20
silesia,snapshot,qpl-hardware-dynamic-async+dsa,1048576,8,1,607.197,75,983429120,/mnt/nvme/chharness/qpl-hardware-dynamic-async+dsa-c1048576-w8-i1
silesia,snapshot,qpl-hardware-dynamic-async+dsa,1048576,8,2,595.077,77,983425024,/mnt/nvme/chharness/qpl-hardware-dynamic-async+dsa-c1048576-w8-i2
silesia,snapshot,qpl-hardware-dynamic-async+dsa,1048576,8,3,600.196,76,983425024,/mnt/nvme/chharness/qpl-hardware-dynamic-async+dsa-c1048576-w8-i3
silesia,snapshot,qpl-hardware-dynamic-async+dsa,1048576,8,4,585.425,77,983429120,/mnt/nvme/chharness/qpl-hardware-dynamic-async+dsa-c1048576-w8-i4
silesia,snapshot,qpl-hardware-dynamic-async+dsa,1048576,8,5,598.836,76,983429120,/mnt/nvme/chharness/qpl-hardware-dynamic-async+dsa-c1048576-w8-i5
silesia,snapshot,qpl-hardware-dynamic-async+dsa,1048576,8,6,583.015,78,983429120,/mnt/nvme/chharness/qpl-hardware-dynamic-async+dsa-c1048576-w8-i6
silesia,snapshot,qpl-hardware-dynamic-async+dsa,1048576,8,7,577.143,78,983429120,/mnt/nvme/chharness/qpl-hardware-dynamic-async+dsa-c1048576-w8-i7
silesia,snapshot,qpl-hardware-dynamic-async+dsa,1048576,8,8,593.768,77,983429120,/mnt/nvme/chharness/qpl-hardware-dynamic-async+dsa-c1048576-w8-i8
silesia,snapshot,qpl-hardware-dynamic-async+dsa,1048576,8,9,584.520,77,983429120,/mnt/nvme/chharness/qpl-hardware-dynamic-async+dsa-c1048576-w8-i9
silesia,snapshot,qpl-hardware-dynamic-async+dsa,1048576,8,10,598.471,76,983425024,/mnt/nvme/chharness/qpl-hardware-dynamic-async+dsa-c1048576-w8-i10
silesia,snapshot,qpl-hardware-dynamic-async+dsa,1048576,8,11,587.024,78,983429120,/mnt/nvme/chharness/qpl-hardware-dynamic-async+dsa-c1048576-w8-i11
silesia,snapshot,qpl-hardware-dynamic-async+dsa,1048576,8,12,591.295,77,983429120,/mnt/nvme/chharness/qpl-hardware-dynamic-async+dsa-c1048576-w8-i12
silesia,snapshot,qpl-hardware-dynamic-async+dsa,1048576,8,13,586.238,77,983429120,/mnt/nvme/chharness/qpl-hardware-dynamic-async+dsa-c1048576-w8-i13
silesia,snapshot,qpl-hardware-dynamic-async+dsa,1048576,8,14,585.377,78,983429120,/mnt/nvme/chharness/qpl-hardware-dynamic-async+dsa-c1048576-w8-i14
silesia,snapshot,qpl-hardware-dynamic-async+dsa,1048576,8,15,601.599,76,983429120,/mnt/nvme/chharness/qpl-hardware-dynamic-async+dsa-c1048576-w8-i15
silesia,snapshot,qpl-hardware-dynamic-async+dsa,1048576,8,16,580.890,78,983429120,/mnt/nvme/chharness/qpl-hardware-dynamic-async+dsa-c1048576-w8-i16
silesia,snapshot,qpl-hardware-dynamic-async+dsa,1048576,8,17,594.425,76,983429120,/mnt/nvme/chharness/qpl-hardware-dynamic-async+dsa-c1048576-w8-i17
silesia,snapshot,qpl-hardware-dynamic-async+dsa,1048576,8,18,586.540,78,983429120,/mnt/nvme/chharness/qpl-hardware-dynamic-async+dsa-c1048576-w8-i18
silesia,snapshot,qpl-hardware-dynamic-async+dsa,1048576,8,19,593.586,77,983429120,/mnt/nvme/chharness/qpl-hardware-dynamic-async+dsa-c1048576-w8-i19
silesia,snapshot,qpl-hardware-dynamic-async+dsa,1048576,8,20,592.170,77,983429120,/mnt/nvme/chharness/qpl-hardware-dynamic-async+dsa-c1048576-w8-i20
silesia,snapshot,qpl-hardware-dynamic-async+dsa,1048576,32,1,584.634,58,983429120,/mnt/nvme/chharness/qpl-hardware-dynamic-async+dsa-c1048576-w32-i1
silesia,snapshot,qpl-hardware-dynamic-async+dsa,1048576,32,2,573.669,59,983425024,/mnt/nvme/chharness/qpl-hardware-dynamic-async+dsa-c1048576-w32-i2
silesia,snapshot,qpl-hardware-dynamic-async+dsa,1048576,32,3,579.263,59,983429120,/mnt/nvme/chharness/qpl-hardware-dynamic-async+dsa-c1048576-w32-i3
silesia,snapshot,qpl-hardware-dynamic-async+dsa,1048576,32,4,574.416,58,983429120,/mnt/nvme/chharness/qpl-hardware-dynamic-async+dsa-c1048576-w32-i4
silesia,snapshot,qpl-hardware-dynamic-async+dsa,1048576,32,5,571.168,59,983429120,/mnt/nvme/chharness/qpl-hardware-dynamic-async+dsa-c1048576-w32-i5
silesia,snapshot,qpl-hardware-dynamic-async+dsa,1048576,32,6,593.042,58,983429120,/mnt/nvme/chharness/qpl-hardware-dynamic-async+dsa-c1048576-w32-i6
silesia,snapshot,qpl-hardware-dynamic-async+dsa,1048576,32,7,579.148,58,983429120,/mnt/nvme/chharness/qpl-hardware-dynamic-async+dsa-c1048576-w32-i7
silesia,snapshot,qpl-hardware-dynamic-async+dsa,1048576,32,8,584.457,58,983429120,/mnt/nvme/chharness/qpl-hardware-dynamic-async+dsa-c1048576-w32-i8
silesia,snapshot,qpl-hardware-dynamic-async+dsa,1048576,32,9,572.622,60,983429120,/mnt/nvme/chharness/qpl-hardware-dynamic-async+dsa-c1048576-w32-i9
silesia,snapshot,qpl-hardware-dynamic-async+dsa,1048576,32,10,582.798,57,983429120,/mnt/nvme/chharness/qpl-hardware-dynamic-async+dsa-c1048576-w32-i10
silesia,snapshot,qpl-hardware-dynamic-async+dsa,1048576,32,11,574.009,59,983429120,/mnt/nvme/chharness/qpl-hardware-dynamic-async+dsa-c1048576-w32-i11
silesia,snapshot,qpl-hardware-dynamic-async+dsa,1048576,32,12,567.069,60,983429120,/mnt/nvme/chharness/qpl-hardware-dynamic-async+dsa-c1048576-w32-i12
silesia,snapshot,qpl-hardware-dynamic-async+dsa,1048576,32,13,586.679,56,983429120,/mnt/nvme/chharness/qpl-hardware-dynamic-async+dsa-c1048576-w32-i13
silesia,snapshot,qpl-hardware-dynamic-async+dsa,1048576,32,14,572.626,59,983429120,/mnt/nvme/chharness/qpl-hardware-dynamic-async+dsa-c1048576-w32-i14
silesia,snapshot,qpl-hardware-dynamic-async+dsa,1048576,32,15,580.754,58,983425024,/mnt/nvme/chharness/qpl-hardware-dynamic-async+dsa-c1048576-w32-i15
silesia,snapshot,qpl-hardware-dynamic-async+dsa,1048576,32,16,573.271,58,983429120,/mnt/nvme/chharness/qpl-hardware-dynamic-async+dsa-c1048576-w32-i16
silesia,snapshot,qpl-hardware-dynamic-async+dsa,1048576,32,17,576.108,57,983425024,/mnt/nvme/chharness/qpl-hardware-dynamic-async+dsa-c1048576-w32-i17
silesia,snapshot,qpl-hardware-dynamic-async+dsa,1048576,32,18,571.058,60,983429120,/mnt/nvme/chharness/qpl-hardware-dynamic-async+dsa-c1048576-w32-i18
silesia,snapshot,qpl-hardware-dynamic-async+dsa,1048576,32,19,574.158,59,983429120,/mnt/nvme/chharness/qpl-hardware-dynamic-async+dsa-c1048576-w32-i19
silesia,snapshot,qpl-hardware-dynamic-async+dsa,1048576,32,20,588.933,57,983429120,/mnt/nvme/chharness/qpl-hardware-dynamic-async+dsa-c1048576-w32-i20
silesia,snapshot,qpl-hardware-dynamic-async+cpucrc,1048576,8,1,1003.400,87,983494656,/mnt/nvme/chharness/qpl-hardware-dynamic-async+cpucrc-c1048576-w8-i1
silesia,snapshot,qpl-hardware-dynamic-async+cpucrc,1048576,8,2,1001.464,88,983494656,/mnt/nvme/chharness/qpl-hardware-dynamic-async+cpucrc-c1048576-w8-i2
silesia,snapshot,qpl-hardware-dynamic-async+cpucrc,1048576,8,3,1001.580,87,983498752,/mnt/nvme/chharness/qpl-hardware-dynamic-async+cpucrc-c1048576-w8-i3
silesia,snapshot,qpl-hardware-dynamic-async+cpucrc,1048576,8,4,997.725,87,983494656,/mnt/nvme/chharness/qpl-hardware-dynamic-async+cpucrc-c1048576-w8-i4
silesia,snapshot,qpl-hardware-dynamic-async+cpucrc,1048576,8,5,1001.329,87,983494656,/mnt/nvme/chharness/qpl-hardware-dynamic-async+cpucrc-c1048576-w8-i5
silesia,snapshot,qpl-hardware-dynamic-async+cpucrc,1048576,8,6,998.815,88,983494656,/mnt/nvme/chharness/qpl-hardware-dynamic-async+cpucrc-c1048576-w8-i6
silesia,snapshot,qpl-hardware-dynamic-async+cpucrc,1048576,8,7,1002.260,88,983494656,/mnt/nvme/chharness/qpl-hardware-dynamic-async+cpucrc-c1048576-w8-i7
silesia,snapshot,qpl-hardware-dynamic-async+cpucrc,1048576,8,8,1011.734,87,983494656,/mnt/nvme/chharness/qpl-hardware-dynamic-async+cpucrc-c1048576-w8-i8
silesia,snapshot,qpl-hardware-dynamic-async+cpucrc,1048576,8,9,1002.789,87,983498752,/mnt/nvme/chharness/qpl-hardware-dynamic-async+cpucrc-c1048576-w8-i9
silesia,snapshot,qpl-hardware-dynamic-async+cpucrc,1048576,8,10,1010.151,87,983494656,/mnt/nvme/chharness/qpl-hardware-dynamic-async+cpucrc-c1048576-w8-i10
silesia,snapshot,qpl-hardware-dynamic-async+cpucrc,1048576,8,11,1006.262,87,983498752,/mnt/nvme/chharness/qpl-hardware-dynamic-async+cpucrc-c1048576-w8-i11
silesia,snapshot,qpl-hardware-dynamic-async+cpucrc,1048576,8,12,1002.168,88,983494656,/mnt/nvme/chharness/qpl-hardware-dynamic-async+cpucrc-c1048576-w8-i12
silesia,snapshot,qpl-hardware-dynamic-async+cpucrc,1048576,8,13,1006.226,88,983494656,/mnt/nvme/chharness/qpl-hardware-dynamic-async+cpucrc-c1048576-w8-i13
silesia,snapshot,qpl-hardware-dynamic-async+cpucrc,1048576,8,14,1005.251,87,983494656,/mnt/nvme/chharness/qpl-hardware-dynamic-async+cpucrc-c1048576-w8-i14
silesia,snapshot,qpl-hardware-dynamic-async+cpucrc,1048576,8,15,1020.840,87,983494656,/mnt/nvme/chharness/qpl-hardware-dynamic-async+cpucrc-c1048576-w8-i15
silesia,snapshot,qpl-hardware-dynamic-async+cpucrc,1048576,8,16,1014.509,87,983494656,/mnt/nvme/chharness/qpl-hardware-dynamic-async+cpucrc-c1048576-w8-i16
silesia,snapshot,qpl-hardware-dynamic-async+cpucrc,1048576,8,17,1011.199,88,983494656,/mnt/nvme/chharness/qpl-hardware-dynamic-async+cpucrc-c1048576-w8-i17
silesia,snapshot,qpl-hardware-dynamic-async+cpucrc,1048576,8,18,1009.978,87,983494656,/mnt/nvme/chharness/qpl-hardware-dynamic-async+cpucrc-c1048576-w8-i18
silesia,snapshot,qpl-hardware-dynamic-async+cpucrc,1048576,8,19,1009.010,87,983494656,/mnt/nvme/chharness/qpl-hardware-dynamic-async+cpucrc-c1048576-w8-i19
silesia,snapshot,qpl-hardware-dynamic-async+cpucrc,1048576,8,20,1005.627,88,983494656,/mnt/nvme/chharness/qpl-hardware-dynamic-async+cpucrc-c1048576-w8-i20
silesia,snapshot,qpl-hardware-dynamic-async+cpucrc,1048576,32,1,954.944,77,983494656,/mnt/nvme/chharness/qpl-hardware-dynamic-async+cpucrc-c1048576-w32-i1
silesia,snapshot,qpl-hardware-dynamic-async+cpucrc,1048576,32,2,954.136,79,983494656,/mnt/nvme/chharness/qpl-hardware-dynamic-async+cpucrc-c1048576-w32-i2
silesia,snapshot,qpl-hardware-dynamic-async+cpucrc,1048576,32,3,961.273,77,983494656,/mnt/nvme/chharness/qpl-hardware-dynamic-async+cpucrc-c1048576-w32-i3
silesia,snapshot,qpl-hardware-dynamic-async+cpucrc,1048576,32,4,965.834,78,983494656,/mnt/nvme/chharness/qpl-hardware-dynamic-async+cpucrc-c1048576-w32-i4
silesia,snapshot,qpl-hardware-dynamic-async+cpucrc,1048576,32,5,963.023,77,983494656,/mnt/nvme/chharness/qpl-hardware-dynamic-async+cpucrc-c1048576-w32-i5
silesia,snapshot,qpl-hardware-dynamic-async+cpucrc,1048576,32,6,992.894,76,983494656,/mnt/nvme/chharness/qpl-hardware-dynamic-async+cpucrc-c1048576-w32-i6
silesia,snapshot,qpl-hardware-dynamic-async+cpucrc,1048576,32,7,958.644,79,983498752,/mnt/nvme/chharness/qpl-hardware-dynamic-async+cpucrc-c1048576-w32-i7
silesia,snapshot,qpl-hardware-dynamic-async+cpucrc,1048576,32,8,959.572,79,983494656,/mnt/nvme/chharness/qpl-hardware-dynamic-async+cpucrc-c1048576-w32-i8
silesia,snapshot,qpl-hardware-dynamic-async+cpucrc,1048576,32,9,970.680,76,983494656,/mnt/nvme/chharness/qpl-hardware-dynamic-async+cpucrc-c1048576-w32-i9
silesia,snapshot,qpl-hardware-dynamic-async+cpucrc,1048576,32,10,957.153,79,983494656,/mnt/nvme/chharness/qpl-hardware-dynamic-async+cpucrc-c1048576-w32-i10
silesia,snapshot,qpl-hardware-dynamic-async+cpucrc,1048576,32,11,968.681,78,983494656,/mnt/nvme/chharness/qpl-hardware-dynamic-async+cpucrc-c1048576-w32-i11
silesia,snapshot,qpl-hardware-dynamic-async+cpucrc,1048576,32,12,964.077,78,983494656,/mnt/nvme/chharness/qpl-hardware-dynamic-async+cpucrc-c1048576-w32-i12
silesia,snapshot,qpl-hardware-dynamic-async+cpucrc,1048576,32,13,971.474,78,983494656,/mnt/nvme/chharness/qpl-hardware-dynamic-async+cpucrc-c1048576-w32-i13
silesia,snapshot,qpl-hardware-dynamic-async+cpucrc,1048576,32,14,969.940,78,983494656,/mnt/nvme/chharness/qpl-hardware-dynamic-async+cpucrc-c1048576-w32-i14
silesia,snapshot,qpl-hardware-dynamic-async+cpucrc,1048576,32,15,952.985,79,983494656,/mnt/nvme/chharness/qpl-hardware-dynamic-async+cpucrc-c1048576-w32-i15
silesia,snapshot,qpl-hardware-dynamic-async+cpucrc,1048576,32,16,966.212,78,983494656,/mnt/nvme/chharness/qpl-hardware-dynamic-async+cpucrc-c1048576-w32-i16
silesia,snapshot,qpl-hardware-dynamic-async+cpucrc,1048576,32,17,932.701,78,983494656,/mnt/nvme/chharness/qpl-hardware-dynamic-async+cpucrc-c1048576-w32-i17
silesia,snapshot,qpl-hardware-dynamic-async+cpucrc,1048576,32,18,962.641,78,983494656,/mnt/nvme/chharness/qpl-hardware-dynamic-async+cpucrc-c1048576-w32-i18
silesia,snapshot,qpl-hardware-dynamic-async+cpucrc,1048576,32,19,966.367,78,983494656,/mnt/nvme/chharness/qpl-hardware-dynamic-async+cpucrc-c1048576-w32-i19
silesia,snapshot,qpl-hardware-dynamic-async+cpucrc,1048576,32,20,969.681,78,983494656,/mnt/nvme/chharness/qpl-hardware-dynamic-async+cpucrc-c1048576-w32-i20
silesia,snapshot,qpl-hardware-dynamic-async+dsacrc,1048576,8,1,585.891,79,983498752,/mnt/nvme/chharness/qpl-hardware-dynamic-async+dsacrc-c1048576-w8-i1
silesia,snapshot,qpl-hardware-dynamic-async+dsacrc,1048576,8,2,596.487,77,983494656,/mnt/nvme/chharness/qpl-hardware-dynamic-async+dsacrc-c1048576-w8-i2
silesia,snapshot,qpl-hardware-dynamic-async+dsacrc,1048576,8,3,590.105,78,983494656,/mnt/nvme/chharness/qpl-hardware-dynamic-async+dsacrc-c1048576-w8-i3
silesia,snapshot,qpl-hardware-dynamic-async+dsacrc,1048576,8,4,604.420,76,983494656,/mnt/nvme/chharness/qpl-hardware-dynamic-async+dsacrc-c1048576-w8-i4
silesia,snapshot,qpl-hardware-dynamic-async+dsacrc,1048576,8,5,595.570,77,983494656,/mnt/nvme/chharness/qpl-hardware-dynamic-async+dsacrc-c1048576-w8-i5
silesia,snapshot,qpl-hardware-dynamic-async+dsacrc,1048576,8,6,595.814,77,983498752,/mnt/nvme/chharness/qpl-hardware-dynamic-async+dsacrc-c1048576-w8-i6
silesia,snapshot,qpl-hardware-dynamic-async+dsacrc,1048576,8,7,586.778,78,983498752,/mnt/nvme/chharness/qpl-hardware-dynamic-async+dsacrc-c1048576-w8-i7
silesia,snapshot,qpl-hardware-dynamic-async+dsacrc,1048576,8,8,584.717,78,983498752,/mnt/nvme/chharness/qpl-hardware-dynamic-async+dsacrc-c1048576-w8-i8
silesia,snapshot,qpl-hardware-dynamic-async+dsacrc,1048576,8,9,587.462,78,983498752,/mnt/nvme/chharness/qpl-hardware-dynamic-async+dsacrc-c1048576-w8-i9
silesia,snapshot,qpl-hardware-dynamic-async+dsacrc,1048576,8,10,583.357,78,983498752,/mnt/nvme/chharness/qpl-hardware-dynamic-async+dsacrc-c1048576-w8-i10
silesia,snapshot,qpl-hardware-dynamic-async+dsacrc,1048576,8,11,591.767,77,983498752,/mnt/nvme/chharness/qpl-hardware-dynamic-async+dsacrc-c1048576-w8-i11
silesia,snapshot,qpl-hardware-dynamic-async+dsacrc,1048576,8,12,581.857,79,983498752,/mnt/nvme/chharness/qpl-hardware-dynamic-async+dsacrc-c1048576-w8-i12
silesia,snapshot,qpl-hardware-dynamic-async+dsacrc,1048576,8,13,595.822,77,983498752,/mnt/nvme/chharness/qpl-hardware-dynamic-async+dsacrc-c1048576-w8-i13
silesia,snapshot,qpl-hardware-dynamic-async+dsacrc,1048576,8,14,591.162,78,983498752,/mnt/nvme/chharness/qpl-hardware-dynamic-async+dsacrc-c1048576-w8-i14
silesia,snapshot,qpl-hardware-dynamic-async+dsacrc,1048576,8,15,586.476,78,983498752,/mnt/nvme/chharness/qpl-hardware-dynamic-async+dsacrc-c1048576-w8-i15
silesia,snapshot,qpl-hardware-dynamic-async+dsacrc,1048576,8,16,604.467,76,983498752,/mnt/nvme/chharness/qpl-hardware-dynamic-async+dsacrc-c1048576-w8-i16
silesia,snapshot,qpl-hardware-dynamic-async+dsacrc,1048576,8,17,583.218,78,983498752,/mnt/nvme/chharness/qpl-hardware-dynamic-async+dsacrc-c1048576-w8-i17
silesia,snapshot,qpl-hardware-dynamic-async+dsacrc,1048576,8,18,600.050,76,983498752,/mnt/nvme/chharness/qpl-hardware-dynamic-async+dsacrc-c1048576-w8-i18
silesia,snapshot,qpl-hardware-dynamic-async+dsacrc,1048576,8,19,583.887,78,983498752,/mnt/nvme/chharness/qpl-hardware-dynamic-async+dsacrc-c1048576-w8-i19
silesia,snapshot,qpl-hardware-dynamic-async+dsacrc,1048576,8,20,593.397,77,983498752,/mnt/nvme/chharness/qpl-hardware-dynamic-async+dsacrc-c1048576-w8-i20
silesia,snapshot,qpl-hardware-dynamic-async+dsacrc,1048576,32,1,579.237,60,983498752,/mnt/nvme/chharness/qpl-hardware-dynamic-async+dsacrc-c1048576-w32-i1
silesia,snapshot,qpl-hardware-dynamic-async+dsacrc,1048576,32,2,589.620,58,983494656,/mnt/nvme/chharness/qpl-hardware-dynamic-async+dsacrc-c1048576-w32-i2
silesia,snapshot,qpl-hardware-dynamic-async+dsacrc,1048576,32,3,585.101,59,983494656,/mnt/nvme/chharness/qpl-hardware-dynamic-async+dsacrc-c1048576-w32-i3
silesia,snapshot,qpl-hardware-dynamic-async+dsacrc,1048576,32,4,586.398,58,983494656,/mnt/nvme/chharness/qpl-hardware-dynamic-async+dsacrc-c1048576-w32-i4
silesia,snapshot,qpl-hardware-dynamic-async+dsacrc,1048576,32,5,574.579,60,983494656,/mnt/nvme/chharness/qpl-hardware-dynamic-async+dsacrc-c1048576-w32-i5
silesia,snapshot,qpl-hardware-dynamic-async+dsacrc,1048576,32,6,571.816,58,983494656,/mnt/nvme/chharness/qpl-hardware-dynamic-async+dsacrc-c1048576-w32-i6
silesia,snapshot,qpl-hardware-dynamic-async+dsacrc,1048576,32,7,583.497,58,983498752,/mnt/nvme/chharness/qpl-hardware-dynamic-async+dsacrc-c1048576-w32-i7
silesia,snapshot,qpl-hardware-dynamic-async+dsacrc,1048576,32,8,577.268,59,983498752,/mnt/nvme/chharness/qpl-hardware-dynamic-async+dsacrc-c1048576-w32-i8
silesia,snapshot,qpl-hardware-dynamic-async+dsacrc,1048576,32,9,591.800,56,983498752,/mnt/nvme/chharness/qpl-hardware-dynamic-async+dsacrc-c1048576-w32-i9
silesia,snapshot,qpl-hardware-dynamic-async+dsacrc,1048576,32,10,583.403,58,983498752,/mnt/nvme/chharness/qpl-hardware-dynamic-async+dsacrc-c1048576-w32-i10
silesia,snapshot,qpl-hardware-dynamic-async+dsacrc,1048576,32,11,586.931,56,983498752,/mnt/nvme/chharness/qpl-hardware-dynamic-async+dsacrc-c1048576-w32-i11
silesia,snapshot,qpl-hardware-dynamic-async+dsacrc,1048576,32,12,577.135,58,983498752,/mnt/nvme/chharness/qpl-hardware-dynamic-async+dsacrc-c1048576-w32-i12
silesia,snapshot,qpl-hardware-dynamic-async+dsacrc,1048576,32,13,576.578,60,983498752,/mnt/nvme/chharness/qpl-hardware-dynamic-async+dsacrc-c1048576-w32-i13
silesia,snapshot,qpl-hardware-dynamic-async+dsacrc,1048576,32,14,596.962,55,983498752,/mnt/nvme/chharness/qpl-hardware-dynamic-async+dsacrc-c1048576-w32-i14
silesia,snapshot,qpl-hardware-dynamic-async+dsacrc,1048576,32,15,583.225,59,983498752,/mnt/nvme/chharness/qpl-hardware-dynamic-async+dsacrc-c1048576-w32-i15
silesia,snapshot,qpl-hardware-dynamic-async+dsacrc,1048576,32,16,590.406,59,983498752,/mnt/nvme/chharness/qpl-hardware-dynamic-async+dsacrc-c1048576-w32-i16
silesia,snapshot,qpl-hardware-dynamic-async+dsacrc,1048576,32,17,582.154,57,983498752,/mnt/nvme/chharness/qpl-hardware-dynamic-async+dsacrc-c1048576-w32-i17
silesia,snapshot,qpl-hardware-dynamic-async+dsacrc,1048576,32,18,585.181,57,983498752,/mnt/nvme/chharness/qpl-hardware-dynamic-async+dsacrc-c1048576-w32-i18
silesia,snapshot,qpl-hardware-dynamic-async+dsacrc,1048576,32,19,578.774,57,983498752,/mnt/nvme/chharness/qpl-hardware-dynamic-async+dsacrc-c1048576-w32-i19
silesia,snapshot,qpl-hardware-dynamic-async+dsacrc,1048576,32,20,578.304,60,983498752,/mnt/nvme/chharness/qpl-hardware-dynamic-async+dsacrc-c1048576-w32-i20
silesia,restore,qpl-hardware-static-async,1048576,32,1,783.288,97,1153474560,/mnt/nvme/chharness/qpl-hardware-static-async-c1048576-w8-i1
silesia,restore,qpl-hardware-static-async,1048576,32,2,789.746,96,1153474560,/mnt/nvme/chharness/qpl-hardware-static-async-c1048576-w8-i1
silesia,restore,qpl-hardware-static-async,1048576,32,3,788.068,96,1153474560,/mnt/nvme/chharness/qpl-hardware-static-async-c1048576-w8-i1
silesia,restore,qpl-hardware-static-async,1048576,32,4,794.117,96,1153474560,/mnt/nvme/chharness/qpl-hardware-static-async-c1048576-w8-i1
silesia,restore,qpl-hardware-static-async,1048576,32,5,797.980,95,1153474560,/mnt/nvme/chharness/qpl-hardware-static-async-c1048576-w8-i1
silesia,restore,qpl-hardware-static-async,1048576,32,6,788.659,97,1153474560,/mnt/nvme/chharness/qpl-hardware-static-async-c1048576-w8-i1
silesia,restore,qpl-hardware-static-async,1048576,32,7,786.573,96,1153474560,/mnt/nvme/chharness/qpl-hardware-static-async-c1048576-w8-i1
silesia,restore,qpl-hardware-static-async,1048576,32,8,783.189,97,1153474560,/mnt/nvme/chharness/qpl-hardware-static-async-c1048576-w8-i1
silesia,restore,qpl-hardware-static-async,1048576,32,9,781.406,97,1153474560,/mnt/nvme/chharness/qpl-hardware-static-async-c1048576-w8-i1
silesia,restore,qpl-hardware-static-async,1048576,32,10,787.406,97,1153474560,/mnt/nvme/chharness/qpl-hardware-static-async-c1048576-w8-i1
silesia,restore,qpl-hardware-static-async,1048576,32,11,787.786,96,1153474560,/mnt/nvme/chharness/qpl-hardware-static-async-c1048576-w8-i1
silesia,restore,qpl-hardware-static-async,1048576,32,12,792.283,95,1153474560,/mnt/nvme/chharness/qpl-hardware-static-async-c1048576-w8-i1
silesia,restore,qpl-hardware-static-async,1048576,32,13,787.613,96,1153474560,/mnt/nvme/chharness/qpl-hardware-static-async-c1048576-w8-i1
silesia,restore,qpl-hardware-static-async,1048576,32,14,793.372,96,1153474560,/mnt/nvme/chharness/qpl-hardware-static-async-c1048576-w8-i1
silesia,restore,qpl-hardware-static-async,1048576,32,15,786.943,96,1153474560,/mnt/nvme/chharness/qpl-hardware-static-async-c1048576-w8-i1
silesia,restore,qpl-hardware-static-async,1048576,32,16,784.809,97,1153474560,/mnt/nvme/chharness/qpl-hardware-static-async-c1048576-w8-i1
silesia,restore,qpl-hardware-static-async,1048576,32,17,786.996,96,1153474560,/mnt/nvme/chharness/qpl-hardware-static-async-c1048576-w8-i1
silesia,restore,qpl-hardware-static-async,1048576,32,18,800.375,95,1153474560,/mnt/nvme/chharness/qpl-hardware-static-async-c1048576-w8-i1
silesia,restore,qpl-hardware-static-async,1048576,32,19,786.689,96,1153474560,/mnt/nvme/chharness/qpl-hardware-static-async-c1048576-w8-i1
silesia,restore,qpl-hardware-static-async,1048576,32,20,783.368,97,1153474560,/mnt/nvme/chharness/qpl-hardware-static-async-c1048576-w8-i1
silesia,restore,qpl-hardware-static-async+cpu,1048576,32,1,787.603,97,1153478656,/mnt/nvme/chharness/qpl-hardware-static-async+cpu-c1048576-w8-i1
silesia,restore,qpl-hardware-static-async+cpu,1048576,32,2,788.421,97,1153478656,/mnt/nvme/chharness/qpl-hardware-static-async+cpu-c1048576-w8-i1
silesia,restore,qpl-hardware-static-async+cpu,1048576,32,3,786.565,97,1153478656,/mnt/nvme/chharness/qpl-hardware-static-async+cpu-c1048576-w8-i1
silesia,restore,qpl-hardware-static-async+cpu,1048576,32,4,795.626,96,1153478656,/mnt/nvme/chharness/qpl-hardware-static-async+cpu-c1048576-w8-i1
silesia,restore,qpl-hardware-static-async+cpu,1048576,32,5,789.748,96,1153478656,/mnt/nvme/chharness/qpl-hardware-static-async+cpu-c1048576-w8-i1
silesia,restore,qpl-hardware-static-async+cpu,1048576,32,6,795.144,96,1153478656,/mnt/nvme/chharness/qpl-hardware-static-async+cpu-c1048576-w8-i1
silesia,restore,qpl-hardware-static-async+cpu,1048576,32,7,788.765,97,1153478656,/mnt/nvme/chharness/qpl-hardware-static-async+cpu-c1048576-w8-i1
silesia,restore,qpl-hardware-static-async+cpu,1048576,32,8,781.702,97,1153478656,/mnt/nvme/chharness/qpl-hardware-static-async+cpu-c1048576-w8-i1
silesia,restore,qpl-hardware-static-async+cpu,1048576,32,9,791.629,97,1153478656,/mnt/nvme/chharness/qpl-hardware-static-async+cpu-c1048576-w8-i1
silesia,restore,qpl-hardware-static-async+cpu,1048576,32,10,808.742,94,1153478656,/mnt/nvme/chharness/qpl-hardware-static-async+cpu-c1048576-w8-i1
silesia,restore,qpl-hardware-static-async+cpu,1048576,32,11,796.624,96,1153478656,/mnt/nvme/chharness/qpl-hardware-static-async+cpu-c1048576-w8-i1
silesia,restore,qpl-hardware-static-async+cpu,1048576,32,12,794.759,96,1153478656,/mnt/nvme/chharness/qpl-hardware-static-async+cpu-c1048576-w8-i1
silesia,restore,qpl-hardware-static-async+cpu,1048576,32,13,794.029,96,1153478656,/mnt/nvme/chharness/qpl-hardware-static-async+cpu-c1048576-w8-i1
silesia,restore,qpl-hardware-static-async+cpu,1048576,32,14,793.491,96,1153478656,/mnt/nvme/chharness/qpl-hardware-static-async+cpu-c1048576-w8-i1
silesia,restore,qpl-hardware-static-async+cpu,1048576,32,15,798.304,96,1153478656,/mnt/nvme/chharness/qpl-hardware-static-async+cpu-c1048576-w8-i1
silesia,restore,qpl-hardware-static-async+cpu,1048576,32,16,796.257,96,1153478656,/mnt/nvme/chharness/qpl-hardware-static-async+cpu-c1048576-w8-i1
silesia,restore,qpl-hardware-static-async+cpu,1048576,32,17,794.822,96,1153478656,/mnt/nvme/chharness/qpl-hardware-static-async+cpu-c1048576-w8-i1
silesia,restore,qpl-hardware-static-async+cpu,1048576,32,18,794.136,96,1153478656,/mnt/nvme/chharness/qpl-hardware-static-async+cpu-c1048576-w8-i1
silesia,restore,qpl-hardware-static-async+cpu,1048576,32,19,795.332,96,1153478656,/mnt/nvme/chharness/qpl-hardware-static-async+cpu-c1048576-w8-i1
silesia,restore,qpl-hardware-static-async+cpu,1048576,32,20,789.042,97,1153478656,/mnt/nvme/chharness/qpl-hardware-static-async+cpu-c1048576-w8-i1
silesia,restore,qpl-hardware-static-async+dsa,1048576,32,1,798.109,96,1153478656,/mnt/nvme/chharness/qpl-hardware-static-async+dsa-c1048576-w8-i1
silesia,restore,qpl-hardware-static-async+dsa,1048576,32,2,798.242,96,1153478656,/mnt/nvme/chharness/qpl-hardware-static-async+dsa-c1048576-w8-i1
silesia,restore,qpl-hardware-static-async+dsa,1048576,32,3,794.371,96,1153478656,/mnt/nvme/chharness/qpl-hardware-static-async+dsa-c1048576-w8-i1
silesia,restore,qpl-hardware-static-async+dsa,1048576,32,4,787.428,97,1153478656,/mnt/nvme/chharness/qpl-hardware-static-async+dsa-c1048576-w8-i1
silesia,restore,qpl-hardware-static-async+dsa,1048576,32,5,790.319,96,1153478656,/mnt/nvme/chharness/qpl-hardware-static-async+dsa-c1048576-w8-i1
silesia,restore,qpl-hardware-static-async+dsa,1048576,32,6,791.230,96,1153478656,/mnt/nvme/chharness/qpl-hardware-static-async+dsa-c1048576-w8-i1
silesia,restore,qpl-hardware-static-async+dsa,1048576,32,7,793.975,96,1153478656,/mnt/nvme/chharness/qpl-hardware-static-async+dsa-c1048576-w8-i1
silesia,restore,qpl-hardware-static-async+dsa,1048576,32,8,792.752,96,1153478656,/mnt/nvme/chharness/qpl-hardware-static-async+dsa-c1048576-w8-i1
silesia,restore,qpl-hardware-static-async+dsa,1048576,32,9,793.082,96,1153478656,/mnt/nvme/chharness/qpl-hardware-static-async+dsa-c1048576-w8-i1
silesia,restore,qpl-hardware-static-async+dsa,1048576,32,10,794.146,96,1153478656,/mnt/nvme/chharness/qpl-hardware-static-async+dsa-c1048576-w8-i1
silesia,restore,qpl-hardware-static-async+dsa,1048576,32,11,791.905,96,1153478656,/mnt/nvme/chharness/qpl-hardware-static-async+dsa-c1048576-w8-i1
silesia,restore,qpl-hardware-static-async+dsa,1048576,32,12,785.504,97,1153478656,/mnt/nvme/chharness/qpl-hardware-static-async+dsa-c1048576-w8-i1
silesia,restore,qpl-hardware-static-async+dsa,1048576,32,13,791.969,96,1153478656,/mnt/nvme/chharness/qpl-hardware-static-async+dsa-c1048576-w8-i1
silesia,restore,qpl-hardware-static-async+dsa,1048576,32,14,790.575,96,1153478656,/mnt/nvme/chharness/qpl-hardware-static-async+dsa-c1048576-w8-i1
silesia,restore,qpl-hardware-static-async+dsa,1048576,32,15,789.372,97,1153478656,/mnt/nvme/chharness/qpl-hardware-static-async+dsa-c1048576-w8-i1
silesia,restore,qpl-hardware-static-async+dsa,1048576,32,16,791.659,96,1153478656,/mnt/nvme/chharness/qpl-hardware-static-async+dsa-c1048576-w8-i1
silesia,restore,qpl-hardware-static-async+dsa,1048576,32,17,794.135,96,1153478656,/mnt/nvme/chharness/qpl-hardware-static-async+dsa-c1048576-w8-i1
silesia,restore,qpl-hardware-static-async+dsa,1048576,32,18,791.101,96,1153478656,/mnt/nvme/chharness/qpl-hardware-static-async+dsa-c1048576-w8-i1
silesia,restore,qpl-hardware-static-async+dsa,1048576,32,19,790.342,97,1153478656,/mnt/nvme/chharness/qpl-hardware-static-async+dsa-c1048576-w8-i1
silesia,restore,qpl-hardware-static-async+dsa,1048576,32,20,790.042,97,1153478656,/mnt/nvme/chharness/qpl-hardware-static-async+dsa-c1048576-w8-i1
silesia,restore,qpl-hardware-static-async+cpucrc,1048576,32,1,1125.176,97,1153548288,/mnt/nvme/chharness/qpl-hardware-static-async+cpucrc-c1048576-w8-i1
silesia,restore,qpl-hardware-static-async+cpucrc,1048576,32,2,1116.409,98,1153548288,/mnt/nvme/chharness/qpl-hardware-static-async+cpucrc-c1048576-w8-i1
silesia,restore,qpl-hardware-static-async+cpucrc,1048576,32,3,1129.883,97,1153548288,/mnt/nvme/chharness/qpl-hardware-static-async+cpucrc-c1048576-w8-i1
silesia,restore,qpl-hardware-static-async+cpucrc,1048576,32,4,1129.225,97,1153548288,/mnt/nvme/chharness/qpl-hardware-static-async+cpucrc-c1048576-w8-i1
silesia,restore,qpl-hardware-static-async+cpucrc,1048576,32,5,1115.385,98,1153548288,/mnt/nvme/chharness/qpl-hardware-static-async+cpucrc-c1048576-w8-i1
silesia,restore,qpl-hardware-static-async+cpucrc,1048576,32,6,1126.834,97,1153548288,/mnt/nvme/chharness/qpl-hardware-static-async+cpucrc-c1048576-w8-i1
silesia,restore,qpl-hardware-static-async+cpucrc,1048576,32,7,1132.751,96,1153548288,/mnt/nvme/chharness/qpl-hardware-static-async+cpucrc-c1048576-w8-i1
silesia,restore,qpl-hardware-static-async+cpucrc,1048576,32,8,1119.847,97,1153548288,/mnt/nvme/chharness/qpl-hardware-static-async+cpucrc-c1048576-w8-i1
silesia,restore,qpl-hardware-static-async+cpucrc,1048576,32,9,1123.870,97,1153548288,/mnt/nvme/chharness/qpl-hardware-static-async+cpucrc-c1048576-w8-i1
silesia,restore,qpl-hardware-static-async+cpucrc,1048576,32,10,1125.160,97,1153548288,/mnt/nvme/chharness/qpl-hardware-static-async+cpucrc-c1048576-w8-i1
silesia,restore,qpl-hardware-static-async+cpucrc,1048576,32,11,1121.248,97,1153548288,/mnt/nvme/chharness/qpl-hardware-static-async+cpucrc-c1048576-w8-i1
silesia,restore,qpl-hardware-static-async+cpucrc,1048576,32,12,1131.852,97,1153548288,/mnt/nvme/chharness/qpl-hardware-static-async+cpucrc-c1048576-w8-i1
silesia,restore,qpl-hardware-static-async+cpucrc,1048576,32,13,1117.210,98,1153548288,/mnt/nvme/chharness/qpl-hardware-static-async+cpucrc-c1048576-w8-i1
silesia,restore,qpl-hardware-static-async+cpucrc,1048576,32,14,1125.847,97,1153548288,/mnt/nvme/chharness/qpl-hardware-static-async+cpucrc-c1048576-w8-i1
silesia,restore,qpl-hardware-static-async+cpucrc,1048576,32,15,1124.104,97,1153548288,/mnt/nvme/chharness/qpl-hardware-static-async+cpucrc-c1048576-w8-i1
silesia,restore,qpl-hardware-static-async+cpucrc,1048576,32,16,1125.220,97,1153548288,/mnt/nvme/chharness/qpl-hardware-static-async+cpucrc-c1048576-w8-i1
silesia,restore,qpl-hardware-static-async+cpucrc,1048576,32,17,1128.673,97,1153548288,/mnt/nvme/chharness/qpl-hardware-static-async+cpucrc-c1048576-w8-i1
silesia,restore,qpl-hardware-static-async+cpucrc,1048576,32,18,1124.212,97,1153548288,/mnt/nvme/chharness/qpl-hardware-static-async+cpucrc-c1048576-w8-i1
silesia,restore,qpl-hardware-static-async+cpucrc,1048576,32,19,1116.997,98,1153548288,/mnt/nvme/chharness/qpl-hardware-static-async+cpucrc-c1048576-w8-i1
silesia,restore,qpl-hardware-static-async+cpucrc,1048576,32,20,1118.577,97,1153548288,/mnt/nvme/chharness/qpl-hardware-static-async+cpucrc-c1048576-w8-i1
silesia,restore,qpl-hardware-static-async+dsacrc,1048576,32,1,793.274,97,1153548288,/mnt/nvme/chharness/qpl-hardware-static-async+dsacrc-c1048576-w8-i1
silesia,restore,qpl-hardware-static-async+dsacrc,1048576,32,2,796.885,96,1153548288,/mnt/nvme/chharness/qpl-hardware-static-async+dsacrc-c1048576-w8-i1
silesia,restore,qpl-hardware-static-async+dsacrc,1048576,32,3,799.049,96,1153548288,/mnt/nvme/chharness/qpl-hardware-static-async+dsacrc-c1048576-w8-i1
silesia,restore,qpl-hardware-static-async+dsacrc,1048576,32,4,793.922,97,1153548288,/mnt/nvme/chharness/qpl-hardware-static-async+dsacrc-c1048576-w8-i1
silesia,restore,qpl-hardware-static-async+dsacrc,1048576,32,5,801.783,96,1153548288,/mnt/nvme/chharness/qpl-hardware-static-async+dsacrc-c1048576-w8-i1
silesia,restore,qpl-hardware-static-async+dsacrc,1048576,32,6,795.519,97,1153548288,/mnt/nvme/chharness/qpl-hardware-static-async+dsacrc-c1048576-w8-i1
silesia,restore,qpl-hardware-static-async+dsacrc,1048576,32,7,797.511,96,1153548288,/mnt/nvme/chharness/qpl-hardware-static-async+dsacrc-c1048576-w8-i1
silesia,restore,qpl-hardware-static-async+dsacrc,1048576,32,8,801.005,96,1153548288,/mnt/nvme/chharness/qpl-hardware-static-async+dsacrc-c1048576-w8-i1
silesia,restore,qpl-hardware-static-async+dsacrc,1048576,32,9,796.751,96,1153548288,/mnt/nvme/chharness/qpl-hardware-static-async+dsacrc-c1048576-w8-i1
silesia,restore,qpl-hardware-static-async+dsacrc,1048576,32,10,799.158,96,1153548288,/mnt/nvme/chharness/qpl-hardware-static-async+dsacrc-c1048576-w8-i1
silesia,restore,qpl-hardware-static-async+dsacrc,1048576,32,11,799.927,96,1153548288,/mnt/nvme/chharness/qpl-hardware-static-async+dsacrc-c1048576-w8-i1
silesia,restore,qpl-hardware-static-async+dsacrc,1048576,32,12,796.023,97,1153548288,/mnt/nvme/chharness/qpl-hardware-static-async+dsacrc-c1048576-w8-i1
silesia,restore,qpl-hardware-static-async+dsacrc,1048576,32,13,796.466,96,1153548288,/mnt/nvme/chharness/qpl-hardware-static-async+dsacrc-c1048576-w8-i1
silesia,restore,qpl-hardware-static-async+dsacrc,1048576,32,14,796.132,96,1153548288,/mnt/nvme/chharness/qpl-hardware-static-async+dsacrc-c1048576-w8-i1
silesia,restore,qpl-hardware-static-async+dsacrc,1048576,32,15,805.771,95,1153548288,/mnt/nvme/chharness/qpl-hardware-static-async+dsacrc-c1048576-w8-i1
silesia,restore,qpl-hardware-static-async+dsacrc,1048576,32,16,786.012,97,1153548288,/mnt/nvme/chharness/qpl-hardware-static-async+dsacrc-c1048576-w8-i1
silesia,restore,qpl-hardware-static-async+dsacrc,1048576,32,17,800.564,96,1153548288,/mnt/nvme/chharness/qpl-hardware-static-async+dsacrc-c1048576-w8-i1
silesia,restore,qpl-hardware-static-async+dsacrc,1048576,32,18,800.958,96,1153548288,/mnt/nvme/chharness/qpl-hardware-static-async+dsacrc-c1048576-w8-i1
silesia,restore,qpl-hardware-static-async+dsacrc,1048576,32,19,804.733,95,1153548288,/mnt/nvme/chharness/qpl-hardware-static-async+dsacrc-c1048576-w8-i1
silesia,restore,qpl-hardware-static-async+dsacrc,1048576,32,20,795.003,96,1153548288,/mnt/nvme/chharness/qpl-hardware-static-async+dsacrc-c1048576-w8-i1
silesia,restore,qpl-hardware-dynamic-async,1048576,32,1,764.075,97,983425024,/mnt/nvme/chharness/qpl-hardware-dynamic-async-c1048576-w8-i1
silesia,restore,qpl-hardware-dynamic-async,1048576,32,2,772.736,96,983425024,/mnt/nvme/chharness/qpl-hardware-dynamic-async-c1048576-w8-i1
silesia,restore,qpl-hardware-dynamic-async,1048576,32,3,769.851,96,983425024,/mnt/nvme/chharness/qpl-hardware-dynamic-async-c1048576-w8-i1
silesia,restore,qpl-hardware-dynamic-async,1048576,32,4,768.866,96,983425024,/mnt/nvme/chharness/qpl-hardware-dynamic-async-c1048576-w8-i1
silesia,restore,qpl-hardware-dynamic-async,1048576,32,5,767.758,96,983425024,/mnt/nvme/chharness/qpl-hardware-dynamic-async-c1048576-w8-i1
silesia,restore,qpl-hardware-dynamic-async,1048576,32,6,776.911,95,983425024,/mnt/nvme/chharness/qpl-hardware-dynamic-async-c1048576-w8-i1
silesia,restore,qpl-hardware-dynamic-async,1048576,32,7,760.197,97,983425024,/mnt/nvme/chharness/qpl-hardware-dynamic-async-c1048576-w8-i1
silesia,restore,qpl-hardware-dynamic-async,1048576,32,8,769.994,96,983425024,/mnt/nvme/chharness/qpl-hardware-dynamic-async-c1048576-w8-i1
silesia,restore,qpl-hardware-dynamic-async,1048576,32,9,769.856,96,983425024,/mnt/nvme/chharness/qpl-hardware-dynamic-async-c1048576-w8-i1
silesia,restore,qpl-hardware-dynamic-async,1048576,32,10,761.006,97,983425024,/mnt/nvme/chharness/qpl-hardware-dynamic-async-c1048576-w8-i1
silesia,restore,qpl-hardware-dynamic-async,1048576,32,11,766.056,97,983425024,/mnt/nvme/chharness/qpl-hardware-dynamic-async-c1048576-w8-i1
silesia,restore,qpl-hardware-dynamic-async,1048576,32,12,764.152,97,983425024,/mnt/nvme/chharness/qpl-hardware-dynamic-async-c1048576-w8-i1
silesia,restore,qpl-hardware-dynamic-async,1048576,32,13,769.385,96,983425024,/mnt/nvme/chharness/qpl-hardware-dynamic-async-c1048576-w8-i1
silesia,restore,qpl-hardware-dynamic-async,1048576,32,14,766.943,96,983425024,/mnt/nvme/chharness/qpl-hardware-dynamic-async-c1048576-w8-i1
silesia,restore,qpl-hardware-dynamic-async,1048576,32,15,768.023,97,983425024,/mnt/nvme/chharness/qpl-hardware-dynamic-async-c1048576-w8-i1
silesia,restore,qpl-hardware-dynamic-async,1048576,32,16,771.349,96,983425024,/mnt/nvme/chharness/qpl-hardware-dynamic-async-c1048576-w8-i1
silesia,restore,qpl-hardware-dynamic-async,1048576,32,17,767.540,96,983425024,/mnt/nvme/chharness/qpl-hardware-dynamic-async-c1048576-w8-i1
silesia,restore,qpl-hardware-dynamic-async,1048576,32,18,765.998,97,983425024,/mnt/nvme/chharness/qpl-hardware-dynamic-async-c1048576-w8-i1
silesia,restore,qpl-hardware-dynamic-async,1048576,32,19,771.480,96,983425024,/mnt/nvme/chharness/qpl-hardware-dynamic-async-c1048576-w8-i1
silesia,restore,qpl-hardware-dynamic-async,1048576,32,20,764.301,97,983425024,/mnt/nvme/chharness/qpl-hardware-dynamic-async-c1048576-w8-i1
silesia,restore,qpl-hardware-dynamic-async+cpu,1048576,32,1,767.214,97,983429120,/mnt/nvme/chharness/qpl-hardware-dynamic-async+cpu-c1048576-w8-i1
silesia,restore,qpl-hardware-dynamic-async+cpu,1048576,32,2,767.665,97,983429120,/mnt/nvme/chharness/qpl-hardware-dynamic-async+cpu-c1048576-w8-i1
silesia,restore,qpl-hardware-dynamic-async+cpu,1048576,32,3,778.989,95,983429120,/mnt/nvme/chharness/qpl-hardware-dynamic-async+cpu-c1048576-w8-i1
silesia,restore,qpl-hardware-dynamic-async+cpu,1048576,32,4,776.361,96,983429120,/mnt/nvme/chharness/qpl-hardware-dynamic-async+cpu-c1048576-w8-i1
silesia,restore,qpl-hardware-dynamic-async+cpu,1048576,32,5,775.062,96,983429120,/mnt/nvme/chharness/qpl-hardware-dynamic-async+cpu-c1048576-w8-i1
silesia,restore,qpl-hardware-dynamic-async+cpu,1048576,32,6,764.178,97,983429120,/mnt/nvme/chharness/qpl-hardware-dynamic-async+cpu-c1048576-w8-i1
silesia,restore,qpl-hardware-dynamic-async+cpu,1048576,32,7,772.406,96,983429120,/mnt/nvme/chharness/qpl-hardware-dynamic-async+cpu-c1048576-w8-i1
silesia,restore,qpl-hardware-dynamic-async+cpu,1048576,32,8,770.837,96,983429120,/mnt/nvme/chharness/qpl-hardware-dynamic-async+cpu-c1048576-w8-i1
silesia,restore,qpl-hardware-dynamic-async+cpu,1048576,32,9,775.634,96,983429120,/mnt/nvme/chharness/qpl-hardware-dynamic-async+cpu-c1048576-w8-i1
silesia,restore,qpl-hardware-dynamic-async+cpu,1048576,32,10,765.004,97,983429120,/mnt/nvme/chharness/qpl-hardware-dynamic-async+cpu-c1048576-w8-i1
silesia,restore,qpl-hardware-dynamic-async+cpu,1048576,32,11,779.031,95,983429120,/mnt/nvme/chharness/qpl-hardware-dynamic-async+cpu-c1048576-w8-i1
silesia,restore,qpl-hardware-dynamic-async+cpu,1048576,32,12,778.726,95,983429120,/mnt/nvme/chharness/qpl-hardware-dynamic-async+cpu-c1048576-w8-i1
silesia,restore,qpl-hardware-dynamic-async+cpu,1048576,32,13,765.679,97,983429120,/mnt/nvme/chharness/qpl-hardware-dynamic-async+cpu-c1048576-w8-i1
silesia,restore,qpl-hardware-dynamic-async+cpu,1048576,32,14,761.906,97,983429120,/mnt/nvme/chharness/qpl-hardware-dynamic-async+cpu-c1048576-w8-i1
silesia,restore,qpl-hardware-dynamic-async+cpu,1048576,32,15,776.031,96,983429120,/mnt/nvme/chharness/qpl-hardware-dynamic-async+cpu-c1048576-w8-i1
silesia,restore,qpl-hardware-dynamic-async+cpu,1048576,32,16,771.152,96,983429120,/mnt/nvme/chharness/qpl-hardware-dynamic-async+cpu-c1048576-w8-i1
silesia,restore,qpl-hardware-dynamic-async+cpu,1048576,32,17,763.433,97,983429120,/mnt/nvme/chharness/qpl-hardware-dynamic-async+cpu-c1048576-w8-i1
silesia,restore,qpl-hardware-dynamic-async+cpu,1048576,32,18,771.019,96,983429120,/mnt/nvme/chharness/qpl-hardware-dynamic-async+cpu-c1048576-w8-i1
silesia,restore,qpl-hardware-dynamic-async+cpu,1048576,32,19,774.720,96,983429120,/mnt/nvme/chharness/qpl-hardware-dynamic-async+cpu-c1048576-w8-i1
silesia,restore,qpl-hardware-dynamic-async+cpu,1048576,32,20,775.378,95,983429120,/mnt/nvme/chharness/qpl-hardware-dynamic-async+cpu-c1048576-w8-i1
silesia,restore,qpl-hardware-dynamic-async+dsa,1048576,32,1,771.146,96,983429120,/mnt/nvme/chharness/qpl-hardware-dynamic-async+dsa-c1048576-w8-i1
silesia,restore,qpl-hardware-dynamic-async+dsa,1048576,32,2,769.951,97,983429120,/mnt/nvme/chharness/qpl-hardware-dynamic-async+dsa-c1048576-w8-i1
silesia,restore,qpl-hardware-dynamic-async+dsa,1048576,32,3,769.835,96,983429120,/mnt/nvme/chharness/qpl-hardware-dynamic-async+dsa-c1048576-w8-i1
silesia,restore,qpl-hardware-dynamic-async+dsa,1048576,32,4,773.924,96,983429120,/mnt/nvme/chharness/qpl-hardware-dynamic-async+dsa-c1048576-w8-i1
silesia,restore,qpl-hardware-dynamic-async+dsa,1048576,32,5,772.287,96,983429120,/mnt/nvme/chharness/qpl-hardware-dynamic-async+dsa-c1048576-w8-i1
silesia,restore,qpl-hardware-dynamic-async+dsa,1048576,32,6,769.030,96,983429120,/mnt/nvme/chharness/qpl-hardware-dynamic-async+dsa-c1048576-w8-i1
silesia,restore,qpl-hardware-dynamic-async+dsa,1048576,32,7,778.049,95,983429120,/mnt/nvme/chharness/qpl-hardware-dynamic-async+dsa-c1048576-w8-i1
silesia,restore,qpl-hardware-dynamic-async+dsa,1048576,32,8,768.707,96,983429120,/mnt/nvme/chharness/qpl-hardware-dynamic-async+dsa-c1048576-w8-i1
silesia,restore,qpl-hardware-dynamic-async+dsa,1048576,32,9,772.505,96,983429120,/mnt/nvme/chharness/qpl-hardware-dynamic-async+dsa-c1048576-w8-i1
silesia,restore,qpl-hardware-dynamic-async+dsa,1048576,32,10,770.435,97,983429120,/mnt/nvme/chharness/qpl-hardware-dynamic-async+dsa-c1048576-w8-i1
silesia,restore,qpl-hardware-dynamic-async+dsa,1048576,32,11,771.544,96,983429120,/mnt/nvme/chharness/qpl-hardware-dynamic-async+dsa-c1048576-w8-i1
silesia,restore,qpl-hardware-dynamic-async+dsa,1048576,32,12,776.777,95,983429120,/mnt/nvme/chharness/qpl-hardware-dynamic-async+dsa-c1048576-w8-i1
silesia,restore,qpl-hardware-dynamic-async+dsa,1048576,32,13,777.018,95,983429120,/mnt/nvme/chharness/qpl-hardware-dynamic-async+dsa-c1048576-w8-i1
silesia,restore,qpl-hardware-dynamic-async+dsa,1048576,32,14,768.251,97,983429120,/mnt/nvme/chharness/qpl-hardware-dynamic-async+dsa-c1048576-w8-i1
silesia,restore,qpl-hardware-dynamic-async+dsa,1048576,32,15,768.427,97,983429120,/mnt/nvme/chharness/qpl-hardware-dynamic-async+dsa-c1048576-w8-i1
silesia,restore,qpl-hardware-dynamic-async+dsa,1048576,32,16,766.673,97,983429120,/mnt/nvme/chharness/qpl-hardware-dynamic-async+dsa-c1048576-w8-i1
silesia,restore,qpl-hardware-dynamic-async+dsa,1048576,32,17,762.811,97,983429120,/mnt/nvme/chharness/qpl-hardware-dynamic-async+dsa-c1048576-w8-i1
silesia,restore,qpl-hardware-dynamic-async+dsa,1048576,32,18,771.455,96,983429120,/mnt/nvme/chharness/qpl-hardware-dynamic-async+dsa-c1048576-w8-i1
silesia,restore,qpl-hardware-dynamic-async+dsa,1048576,32,19,771.875,96,983429120,/mnt/nvme/chharness/qpl-hardware-dynamic-async+dsa-c1048576-w8-i1
silesia,restore,qpl-hardware-dynamic-async+dsa,1048576,32,20,775.151,96,983429120,/mnt/nvme/chharness/qpl-hardware-dynamic-async+dsa-c1048576-w8-i1
silesia,restore,qpl-hardware-dynamic-async+cpucrc,1048576,32,1,1099.497,97,983494656,/mnt/nvme/chharness/qpl-hardware-dynamic-async+cpucrc-c1048576-w8-i1
silesia,restore,qpl-hardware-dynamic-async+cpucrc,1048576,32,2,1103.599,97,983494656,/mnt/nvme/chharness/qpl-hardware-dynamic-async+cpucrc-c1048576-w8-i1
silesia,restore,qpl-hardware-dynamic-async+cpucrc,1048576,32,3,1109.271,96,983494656,/mnt/nvme/chharness/qpl-hardware-dynamic-async+cpucrc-c1048576-w8-i1
silesia,restore,qpl-hardware-dynamic-async+cpucrc,1048576,32,4,1098.382,97,983494656,/mnt/nvme/chharness/qpl-hardware-dynamic-async+cpucrc-c1048576-w8-i1
silesia,restore,qpl-hardware-dynamic-async+cpucrc,1048576,32,5,1104.452,97,983494656,/mnt/nvme/chharness/qpl-hardware-dynamic-async+cpucrc-c1048576-w8-i1
silesia,restore,qpl-hardware-dynamic-async+cpucrc,1048576,32,6,1096.542,97,983494656,/mnt/nvme/chharness/qpl-hardware-dynamic-async+cpucrc-c1048576-w8-i1
silesia,restore,qpl-hardware-dynamic-async+cpucrc,1048576,32,7,1091.534,98,983494656,/mnt/nvme/chharness/qpl-hardware-dynamic-async+cpucrc-c1048576-w8-i1
silesia,restore,qpl-hardware-dynamic-async+cpucrc,1048576,32,8,1098.428,97,983494656,/mnt/nvme/chharness/qpl-hardware-dynamic-async+cpucrc-c1048576-w8-i1
silesia,restore,qpl-hardware-dynamic-async+cpucrc,1048576,32,9,1098.553,97,983494656,/mnt/nvme/chharness/qpl-hardware-dynamic-async+cpucrc-c1048576-w8-i1
silesia,restore,qpl-hardware-dynamic-async+cpucrc,1048576,32,10,1106.758,97,983494656,/mnt/nvme/chharness/qpl-hardware-dynamic-async+cpucrc-c1048576-w8-i1
silesia,restore,qpl-hardware-dynamic-async+cpucrc,1048576,32,11,1107.351,97,983494656,/mnt/nvme/chharness/qpl-hardware-dynamic-async+cpucrc-c1048576-w8-i1
silesia,restore,qpl-hardware-dynamic-async+cpucrc,1048576,32,12,1097.585,97,983494656,/mnt/nvme/chharness/qpl-hardware-dynamic-async+cpucrc-c1048576-w8-i1
silesia,restore,qpl-hardware-dynamic-async+cpucrc,1048576,32,13,1104.608,97,983494656,/mnt/nvme/chharness/qpl-hardware-dynamic-async+cpucrc-c1048576-w8-i1
silesia,restore,qpl-hardware-dynamic-async+cpucrc,1048576,32,14,1106.564,97,983494656,/mnt/nvme/chharness/qpl-hardware-dynamic-async+cpucrc-c1048576-w8-i1
silesia,restore,qpl-hardware-dynamic-async+cpucrc,1048576,32,15,1108.230,97,983494656,/mnt/nvme/chharness/qpl-hardware-dynamic-async+cpucrc-c1048576-w8-i1
silesia,restore,qpl-hardware-dynamic-async+cpucrc,1048576,32,16,1110.862,96,983494656,/mnt/nvme/chharness/qpl-hardware-dynamic-async+cpucrc-c1048576-w8-i1
silesia,restore,qpl-hardware-dynamic-async+cpucrc,1048576,32,17,1096.194,98,983494656,/mnt/nvme/chharness/qpl-hardware-dynamic-async+cpucrc-c1048576-w8-i1
silesia,restore,qpl-hardware-dynamic-async+cpucrc,1048576,32,18,1108.181,97,983494656,/mnt/nvme/chharness/qpl-hardware-dynamic-async+cpucrc-c1048576-w8-i1
silesia,restore,qpl-hardware-dynamic-async+cpucrc,1048576,32,19,1092.152,98,983494656,/mnt/nvme/chharness/qpl-hardware-dynamic-async+cpucrc-c1048576-w8-i1
silesia,restore,qpl-hardware-dynamic-async+cpucrc,1048576,32,20,1097.215,97,983494656,/mnt/nvme/chharness/qpl-hardware-dynamic-async+cpucrc-c1048576-w8-i1
silesia,restore,qpl-hardware-dynamic-async+dsacrc,1048576,32,1,774.949,97,983498752,/mnt/nvme/chharness/qpl-hardware-dynamic-async+dsacrc-c1048576-w8-i1
silesia,restore,qpl-hardware-dynamic-async+dsacrc,1048576,32,2,771.591,97,983498752,/mnt/nvme/chharness/qpl-hardware-dynamic-async+dsacrc-c1048576-w8-i1
silesia,restore,qpl-hardware-dynamic-async+dsacrc,1048576,32,3,779.387,96,983498752,/mnt/nvme/chharness/qpl-hardware-dynamic-async+dsacrc-c1048576-w8-i1
silesia,restore,qpl-hardware-dynamic-async+dsacrc,1048576,32,4,774.914,97,983498752,/mnt/nvme/chharness/qpl-hardware-dynamic-async+dsacrc-c1048576-w8-i1
silesia,restore,qpl-hardware-dynamic-async+dsacrc,1048576,32,5,776.624,96,983498752,/mnt/nvme/chharness/qpl-hardware-dynamic-async+dsacrc-c1048576-w8-i1
silesia,restore,qpl-hardware-dynamic-async+dsacrc,1048576,32,6,769.488,97,983498752,/mnt/nvme/chharness/qpl-hardware-dynamic-async+dsacrc-c1048576-w8-i1
silesia,restore,qpl-hardware-dynamic-async+dsacrc,1048576,32,7,781.196,96,983498752,/mnt/nvme/chharness/qpl-hardware-dynamic-async+dsacrc-c1048576-w8-i1
silesia,restore,qpl-hardware-dynamic-async+dsacrc,1048576,32,8,774.792,96,983498752,/mnt/nvme/chharness/qpl-hardware-dynamic-async+dsacrc-c1048576-w8-i1
silesia,restore,qpl-hardware-dynamic-async+dsacrc,1048576,32,9,771.958,96,983498752,/mnt/nvme/chharness/qpl-hardware-dynamic-async+dsacrc-c1048576-w8-i1
silesia,restore,qpl-hardware-dynamic-async+dsacrc,1048576,32,10,774.729,96,983498752,/mnt/nvme/chharness/qpl-hardware-dynamic-async+dsacrc-c1048576-w8-i1
silesia,restore,qpl-hardware-dynamic-async+dsacrc,1048576,32,11,774.290,97,983498752,/mnt/nvme/chharness/qpl-hardware-dynamic-async+dsacrc-c1048576-w8-i1
silesia,restore,qpl-hardware-dynamic-async+dsacrc,1048576,32,12,770.533,97,983498752,/mnt/nvme/chharness/qpl-hardware-dynamic-async+dsacrc-c1048576-w8-i1
silesia,restore,qpl-hardware-dynamic-async+dsacrc,1048576,32,13,776.579,96,983498752,/mnt/nvme/chharness/qpl-hardware-dynamic-async+dsacrc-c1048576-w8-i1
silesia,restore,qpl-hardware-dynamic-async+dsacrc,1048576,32,14,772.112,97,983498752,/mnt/nvme/chharness/qpl-hardware-dynamic-async+dsacrc-c1048576-w8-i1
silesia,restore,qpl-hardware-dynamic-async+dsacrc,1048576,32,15,772.953,97,983498752,/mnt/nvme/chharness/qpl-hardware-dynamic-async+dsacrc-c1048576-w8-i1
silesia,restore,qpl-hardware-dynamic-async+dsacrc,1048576,32,16,775.923,96,983498752,/mnt/nvme/chharness/qpl-hardware-dynamic-async+dsacrc-c1048576-w8-i1
silesia,restore,qpl-hardware-dynamic-async+dsacrc,1048576,32,17,770.443,97,983498752,/mnt/nvme/chharness/qpl-hardware-dynamic-async+dsacrc-c1048576-w8-i1
silesia,restore,qpl-hardware-dynamic-async+dsacrc,1048576,32,18,772.837,97,983498752,/mnt/nvme/chharness/qpl-hardware-dynamic-async+dsacrc-c1048576-w8-i1
silesia,restore,qpl-hardware-dynamic-async+dsacrc,1048576,32,19,777.327,96,983498752,/mnt/nvme/chharness/qpl-hardware-dynamic-async+dsacrc-c1048576-w8-i1
silesia,restore,qpl-hardware-dynamic-async+dsacrc,1048576,32,20,780.188,96,983498752,/mnt/nvme/chharness/qpl-hardware-dynamic-async+dsacrc-c1048576-w8-i1
